job_id,skill_id,score
8,2959,164
7,2932,153
12,4243,152
11,3862,150
4,4496,140
4,1934,140
9,3272,121
12,2959,109
9,4496,109
15,5612,108
14,6404,106
11,2959,94
3,4496,94
14,2959,91
12,3703,91
3,518,88
6,2959,86
14,4243,83
3,3087,78
3,2984,75
3,1958,73
14,3011,73
12,1357,70
12,3112,67
12,3011,66
12,2633,66
13,2932,65
15,1275,64
14,2643,64
14,2633,60
5,2304,60
12,120,60
14,1357,59
3,870,58
3,249,57
12,2643,56
7,2959,55
8,2643,54
14,1367,54
6,2368,54
2,1573,53
4,2959,53
1,3703,53
8,1357,51
11,3595,50
15,1269,50
14,3703,50
5,2280,49
11,2420,49
12,1367,47
9,4550,47
5,1413,47
6,2932,46
3,855,46
6,2633,45
1,2959,45
7,5404,44
3,5788,44
3,4486,44
15,6457,43
13,4496,43
2,5404,42
15,1046,42
3,2420,42
4,3703,41
8,1367,41
9,5404,41
6,3862,40
8,2633,39
1,2932,39
12,2420,39
4,2420,38
12,1095,38
6,4598,38
1,4243,37
11,2643,37
3,643,37
11,3703,36
9,5782,36
11,2207,36
3,557,36
15,2420,35
3,2932,35
9,1772,34
10,3748,34
15,4780,34
11,1367,33
5,2420,33
4,2643,33
7,85,33
8,3862,33
12,1282,32
13,2959,32
9,4500,32
7,2420,32
8,3011,32
6,2420,31
8,2420,31
1,4496,31
1,3862,31
7,5372,30
1,608,30
11,1357,30
4,518,29
5,305,29
8,4598,29
12,6404,29
6,4496,29
1,2420,29
11,217,28
3,5177,28
4,1367,28
4,2633,28
9,5354,28
13,85,28
8,217,28
4,1357,28
14,2420,27
1,1357,27
8,120,27
12,5404,27
2,4053,27
5,2932,27
3,2409,26
7,5377,26
6,518,26
4,6023,26
6,3703,26
1,518,26
15,4221,26
14,6399,26
15,305,25
7,1357,25
1,3595,25
13,5404,25
6,5404,25
7,2633,25
3,4865,25
9,2932,25
7,780,25
3,4229,25
6,217,25
15,778,25
1,2633,25
7,1822,24
7,3011,24
8,5961,24
7,4053,24
11,518,24
13,2984,24
15,2854,24
8,2932,24
14,4780,23
3,4337,23
9,3847,23
13,1822,23
11,4598,23
3,3703,23
14,6470,23
11,2209,23
7,518,23
9,3060,23
6,85,23
13,518,23
6,4865,23
8,241,23
9,518,23
9,1420,23
7,3703,23
14,2284,23
2,5428,22
13,1546,22
11,2633,22
15,6023,22
14,5604,22
9,1187,22
1,3112,21
13,783,21
8,518,21
14,3022,21
6,1357,21
7,217,21
4,3011,21
4,5404,21
14,861,21
15,1278,21
11,5961,21
14,120,21
6,4243,20
3,4452,20
1,723,20
5,3022,20
3,1201,20
4,4326,20
15,1822,19
13,3703,19
5,4747,19
9,1526,19
13,780,19
8,2150,19
8,4609,19
4,2295,19
14,3394,19
7,3438,19
5,2959,19
15,5860,19
9,4919,18
7,5384,18
11,4780,18
5,5267,18
11,5267,18
3,3711,18
7,2984,18
3,4595,18
1,2643,18
13,2420,17
6,2643,17
8,5404,17
6,3011,17
8,3864,17
7,3033,17
3,2451,17
11,120,17
3,2433,17
15,1283,17
13,4053,17
6,778,17
8,3022,17
2,4221,16
15,3386,16
3,874,16
11,241,16
3,4880,16
7,870,16
4,4780,16
13,1357,16
1,5404,16
15,1237,16
3,2029,16
7,4496,16
10,4113,16
1,4326,16
7,2994,16
9,3886,16
9,1491,16
15,5604,16
3,1863,16
1,4780,15
5,213,15
13,6023,15
1,1367,15
13,4740,15
7,3595,15
9,783,15
5,5822,15
7,4740,15
13,5372,15
9,3273,15
3,3595,15
9,5496,15
13,870,15
4,3595,15
1,6023,15
11,6023,15
3,2491,15
12,723,15
7,2643,14
6,723,14
15,3022,14
2,1604,14
12,2932,14
7,1546,14
11,4604,14
8,85,14
13,5267,14
14,723,14
1,3011,14
5,5612,14
3,5179,14
5,4740,14
11,5569,14
12,4496,14
11,2932,14
9,3822,14
9,139,14
15,3960,14
3,256,13
7,1279,13
12,3990,13
8,723,13
4,4094,13
2,1631,13
8,4651,13
7,3363,13
8,4604,13
6,4651,13
13,778,13
9,1546,13
3,1021,13
13,5428,13
11,4326,13
1,1958,13
13,3873,13
6,5822,13
9,4141,13
3,2994,13
13,4326,13
5,4780,13
1,4747,13
11,6025,13
7,4598,13
8,6470,13
7,5231,13
8,6336,13
10,674,13
13,3087,13
11,3022,12
6,6023,12
12,5267,12
4,4747,12
13,557,12
10,4496,12
13,3438,12
12,6487,12
8,4747,12
3,1237,12
13,3041,12
7,120,12
10,5646,12
2,3703,12
13,2643,12
9,557,12
4,6134,12
7,3087,12
3,85,12
6,3595,12
5,6470,12
15,1546,12
2,1899,12
5,745,12
7,2591,12
11,2150,12
13,5062,12
13,5822,12
1,1934,12
3,2084,12
7,413,11
3,1226,11
8,4913,11
15,2851,11
11,3859,11
15,2959,11
11,2057,11
7,1863,11
1,3870,11
3,3097,11
15,745,11
11,1958,11
11,4740,11
11,4747,11
9,5602,11
12,3873,11
3,5370,11
9,1494,11
15,6001,11
5,3698,11
7,6470,11
12,5604,11
5,2309,11
3,5404,11
11,5404,11
6,241,11
1,1546,11
13,1081,11
4,1940,11
5,3521,11
9,3873,11
12,1756,11
12,3022,11
5,3084,11
3,568,11
13,3870,11
6,5428,11
13,3595,11
15,3394,11
6,4987,11
7,1958,11
6,1367,11
1,3438,11
4,4598,11
5,4221,11
13,1706,11
13,1756,11
5,6023,11
7,5822,11
13,1863,11
15,5448,11
11,4645,11
10,3788,10
4,1756,10
13,5284,10
6,783,10
3,2072,10
9,5698,10
9,1958,10
7,2917,10
2,1675,10
7,3041,10
5,5448,10
13,4780,10
1,780,10
4,1706,10
6,1,10
12,4740,10
12,3292,10
6,305,10
8,3982,10
8,4740,10
9,3087,10
2,5933,10
1,305,10
9,1560,10
12,6470,10
7,5390,10
10,1879,10
15,2848,10
6,4326,10
1,3022,10
1,6404,10
13,2591,10
15,3698,10
11,3594,10
3,4326,10
7,4670,10
6,4780,10
8,6023,10
3,4123,10
3,4013,10
2,4064,10
7,4326,10
1,1822,10
12,5231,10
15,6470,10
2,3456,10
9,5255,10
15,2788,10
7,5428,10
15,4215,10
11,3011,10
9,4008,10
3,6199,10
6,3022,10
15,457,10
11,1822,9
8,4243,9
7,2033,9
3,1230,9
3,780,9
7,2948,9
11,1669,9
7,3022,9
7,3055,9
3,6493,9
4,85,9
12,518,9
1,5377,9
15,4740,9
8,2638,9
1,1706,9
4,1863,9
4,1958,9
12,1998,9
7,6023,9
4,2430,9
2,518,9
8,2529,9
3,5713,9
2,1420,9
12,6138,9
9,2614,9
8,1822,9
8,1546,9
12,6309,9
7,6309,9
12,6495,9
5,3703,9
12,4670,9
1,217,9
5,5404,9
5,5860,9
8,139,9
11,3438,9
3,3055,9
6,1958,9
15,783,9
7,4589,9
8,3148,9
11,4316,9
13,4598,9
3,2058,9
7,3862,9
11,85,9
1,4645,9
8,4601,9
1,4740,9
10,5713,9
15,3943,9
3,4983,9
7,1,9
1,3087,9
7,5396,9
6,3870,9
3,5604,9
9,4571,9
6,4670,9
13,2633,9
11,4609,9
8,1863,8
1,5384,8
10,1954,8
10,557,8
10,6190,8
10,5933,8
7,5891,8
8,557,8
2,1648,8
8,233,8
15,292,8
7,5166,8
8,780,8
4,1822,8
1,1756,8
13,1958,8
12,305,8
12,217,8
4,241,8
4,217,8
6,2451,8
9,4347,8
13,3055,8
3,4645,8
15,3538,8
6,5372,8
11,3864,8
11,3860,8
3,3399,8
6,6134,8
8,5231,8
6,3438,8
1,85,8
5,870,8
12,6134,8
9,2576,8
12,6023,8
5,1756,8
5,211,8
13,1,8
5,2490,8
5,2647,8
12,3004,8
9,3055,8
5,4036,8
4,4880,8
9,3265,8
1,120,8
9,1767,8
9,3283,8
9,3360,8
1,1095,8
13,139,8
8,3703,8
8,4496,8
7,723,8
15,1756,8
1,4866,8
8,4780,8
1,4376,8
11,1546,8
13,4376,8
11,1089,8
13,5231,8
3,2517,8
8,4326,8
3,404,8
8,3870,8
13,5377,8
3,3838,8
8,4987,8
13,785,7
5,6457,7
11,1863,7
12,3683,7
10,3618,7
5,976,7
7,6134,7
4,2932,7
12,3116,7
4,2590,7
4,1938,7
7,1367,7
13,1237,7
12,2430,7
7,6224,7
3,697,7
12,6282,7
3,881,7
5,292,7
5,4741,7
4,4741,7
7,1604,7
4,4645,7
5,1546,7
4,4600,7
7,2934,7
3,1204,7
8,230,7
11,305,7
5,6134,7
14,6343,7
6,4645,7
6,4747,7
11,4376,7
3,4015,7
14,6407,7
11,3879,7
3,2679,7
4,1546,7
2,4496,7
13,4229,7
14,292,7
7,4747,7
10,5463,7
6,5961,7
3,3363,7
7,139,7
3,3173,7
7,93,7
3,2976,7
3,3438,7
6,1237,7
4,1669,7
13,4747,7
6,1756,7
6,1863,7
4,723,7
3,1965,7
14,2638,7
13,3011,7
12,85,7
7,5575,7
10,6223,7
10,6203,7
3,2041,7
3,2073,7
11,6336,7
6,2638,7
6,2984,7
6,2994,7
3,5891,7
1,4053,7
9,5510,7
15,4036,7
9,817,7
9,3595,7
1,1,7
8,3438,7
15,990,7
8,3087,7
15,5621,7
1,5372,7
8,3698,7
8,6224,7
1,557,7
9,1038,7
8,2207,7
9,2253,7
9,2708,7
15,666,7
9,3725,7
9,5502,7
5,981,7
15,5536,7
7,817,6
11,2210,6
1,5396,6
13,4987,6
1,870,6
3,1711,6
1,4741,6
7,2999,6
8,4600,6
1,697,6
15,1284,6
3,1009,6
13,5263,6
11,1706,6
3,817,6
15,1357,6
3,958,6
7,2368,6
5,5972,6
7,1706,6
11,433,6
13,6470,6
8,3079,6
10,5459,6
13,241,6
12,4780,6
4,4670,6
8,3013,6
2,4229,6
4,5604,6
7,5267,6
13,217,6
15,5822,6
2,2592,6
7,5062,6
1,5428,6
15,1049,6
3,251,6
13,4670,6
11,230,6
13,5793,6
7,3569,6
12,4645,6
13,6134,6
7,4243,6
7,4282,6
4,1572,6
9,4036,6
6,3097,6
12,1604,6
6,4053,6
4,2029,6
13,1367,6
13,4589,6
3,4900,6
3,4844,6
11,4741,6
11,4651,6
13,3022,6
6,1822,6
9,3850,6
12,697,6
12,292,6
12,288,6
13,2029,6
12,230,6
6,2430,6
4,120,6
6,2529,6
6,2590,6
15,4206,6
9,3703,6
1,2456,6
1,2465,6
9,677,6
6,6259,6
8,5263,6
6,6404,6
3,2766,6
15,2819,6
7,230,6
3,2465,6
6,4604,6
3,2434,6
3,2430,6
8,4880,6
7,6173,6
7,557,6
7,778,6
7,783,6
4,3886,6
9,3470,6
11,4600,6
13,3272,6
6,4740,6
1,1279,6
13,3439,6
1,1237,6
6,477,6
6,288,6
3,3862,6
15,5208,6
8,5604,6
15,5231,6
15,2932,6
3,3864,6
5,85,6
8,1756,6
5,1822,6
2,1487,6
8,2029,6
15,139,6
2,1613,6
8,601,6
12,5633,6
1,93,6
5,2633,6
9,2959,6
12,5445,6
10,2055,6
14,3990,6
15,85,6
13,6309,5
3,3870,5
6,5793,5
7,2490,5
9,2072,5
9,4421,5
7,3982,5
13,3862,5
9,1507,5
9,2409,5
7,2430,5
4,2984,5
11,2994,5
9,780,5
14,6134,5
3,3873,5
7,4215,5
3,2677,5
1,4913,5
14,305,5
7,4790,5
3,2101,5
3,4555,5
11,5601,5
2,4589,5
3,1026,5
8,4776,5
11,3081,5
6,4609,5
1,3148,5
4,3022,5
3,2083,5
8,5428,5
9,778,5
1,3041,5
7,4645,5
5,3870,5
4,2994,5
6,139,5
4,3859,5
8,1237,5
13,251,5
13,2430,5
1,2451,5
1,3055,5
8,290,5
5,5991,5
8,5453,5
13,2928,5
15,2643,5
5,4601,5
11,2647,5
13,5384,5
9,4262,5
15,1191,5
13,2996,5
11,277,5
5,1357,5
13,2994,5
4,4595,5
3,524,5
6,87,5
6,3859,5
10,6181,5
7,3019,5
8,3859,5
7,2979,5
9,958,5
3,3171,5
7,2976,5
8,3595,5
8,3879,5
15,5972,5
3,250,5
12,1706,5
3,2490,5
5,4792,5
12,4109,5
3,783,5
11,3870,5
9,5267,5
2,4443,5
12,3870,5
5,4215,5
2,5822,5
8,4053,5
2,1494,5
11,2984,5
13,5314,5
11,4776,5
8,3394,5
3,4881,5
5,5231,5
6,4215,5
13,490,5
7,3456,5
6,870,5
3,3641,5
6,1080,5
11,5249,5
2,6190,5
11,93,5
11,723,5
6,3565,5
11,778,5
6,5377,5
12,1669,5
12,4538,5
11,3873,5
6,2072,5
8,4741,5
5,2643,5
14,3004,5
4,5822,5
3,1924,5
14,1572,5
11,4496,5
13,4741,5
11,4589,5
7,1572,5
4,288,5
8,5226,5
6,4919,5
14,3112,5
10,4550,5
6,5263,5
3,1960,5
1,3990,5
11,3555,5
8,2647,5
6,557,5
3,3054,5
9,4973,5
7,5604,5
8,1982,5
8,6025,5
9,5352,5
7,1204,5
7,1080,5
6,2150,5
11,3439,5
12,1064,5
2,3641,5
5,217,5
2,845,5
12,256,5
10,518,5
12,241,5
11,3597,5
7,958,5
1,288,5
3,1756,5
13,4645,5
2,4376,5
15,4601,5
1,3864,5
4,827,5
11,4243,5
13,3363,5
15,2280,5
12,3015,5
5,3538,5
2,1566,5
6,6137,5
12,794,5
8,2530,5
2,557,5
12,2638,5
5,3530,5
13,817,5
6,5267,5
10,4814,5
9,1509,5
1,2430,5
12,1,5
12,3685,5
4,6282,5
1,4589,5
11,3097,5
7,5961,5
13,5332,4
6,5179,4
6,413,4
15,6134,4
6,5384,4
7,277,4
6,817,4
9,1510,4
8,579,4
8,5976,4
9,3572,4
1,4670,4
1,3594,4
11,4324,4
14,5184,4
11,557,4
1,5267,4
12,1822,4
3,1954,4
1,4609,4
11,4790,4
13,5390,4
11,545,4
6,5390,4
11,2368,4
15,1089,4
8,4670,4
15,5404,4
11,2430,4
3,4987,4
8,3873,4
9,1765,4
11,4880,4
13,5354,4
6,5062,4
11,2638,4
13,1165,4
9,3336,4
13,5179,4
3,1223,4
8,1081,4
4,4324,4
15,5537,4
11,2529,4
1,4598,4
15,4878,4
6,4555,4
9,975,4
7,1730,4
13,4555,4
6,697,4
11,2550,4
4,4327,4
1,5000,4
6,5284,4
6,4606,4
15,1706,4
11,1476,4
11,1631,4
1,4865,4
8,305,4
4,4609,4
14,4747,4
4,3872,4
13,3329,4
12,3982,4
14,5085,4
13,5177,4
3,1001,4
9,4494,4
13,4792,4
14,4913,4
7,697,4
8,6480,4
15,1280,4
13,5287,4
11,1756,4
9,5839,4
1,2984,4
12,3862,4
3,1706,4
6,4866,4
11,870,4
9,4747,4
9,4352,4
4,4443,4
13,4880,4
3,4678,4
9,2543,4
1,4792,4
7,568,4
11,2551,4
1,4775,4
9,4649,4
3,4243,4
11,2018,4
9,4376,4
1,817,4
11,2036,4
12,5822,4
9,968,4
11,3087,4
7,4987,4
7,5000,4
9,2954,4
13,2273,4
1,2280,4
10,4978,4
2,4326,4
2,4282,4
6,292,4
10,4850,4
1,3992,4
7,5,4
15,4376,4
1,6282,4
7,3,4
4,230,4
9,405,4
8,5166,4
6,5991,4
3,3382,4
8,3055,4
2,5041,4
10,5538,4
13,2451,4
12,1098,4
3,6190,4
5,1065,4
1,6134,4
6,2928,4
10,5404,4
11,3055,4
6,2915,4
9,3712,4
5,3695,4
10,5222,4
7,4792,4
10,5220,4
7,104,4
9,1452,4
7,4865,4
11,6138,4
6,1542,4
11,6309,4
14,697,4
4,5447,4
8,3033,4
7,4780,4
9,2257,4
5,2838,4
7,5716,4
10,2633,4
12,3595,4
7,5798,4
10,780,4
9,3870,4
14,3015,4
8,5372,4
10,3808,4
3,2959,4
14,5267,4
2,2742,4
7,5933,4
4,6259,4
8,2007,4
1,94,4
11,3565,4
1,2018,4
7,6120,4
10,3715,4
13,3990,4
10,4517,4
1,3873,4
8,5377,4
6,1706,4
7,5378,4
14,1648,4
12,3394,4
15,518,4
9,1422,4
1,6470,4
10,4337,4
8,1958,4
12,5021,4
4,3272,4
15,463,4
12,277,4
10,4229,4
5,2984,4
2,3595,4
10,643,4
6,6336,4
4,557,4
6,2295,4
9,1924,4
15,1043,4
11,233,4
3,93,4
15,1042,4
13,2917,4
13,5798,4
1,5655,4
13,4651,4
2,1605,4
9,2670,4
4,4776,4
13,477,4
3,5453,4
7,241,4
7,3635,4
2,1863,4
1,4215,4
6,1230,4
7,3439,4
11,139,4
13,2953,4
9,3475,4
9,916,4
1,139,4
9,4825,4
3,2466,4
6,3879,4
10,2886,4
2,1730,4
8,168,4
12,4326,4
9,1863,4
7,3057,4
2,1732,4
1,4324,4
1,5575,4
9,93,4
3,167,4
11,290,4
4,1936,4
7,3214,4
4,4740,4
7,3236,4
9,107,4
3,270,4
9,2420,4
6,3272,4
10,6157,4
13,4324,4
11,5604,4
6,120,4
10,1899,4
8,778,4
15,4747,4
6,3055,4
15,4741,4
7,4376,4
4,3438,4
11,5822,4
3,3449,4
13,958,4
7,4609,4
2,1629,4
13,3677,4
3,5822,4
4,4929,4
7,3873,4
9,791,4
8,87,4
7,3870,4
15,3990,4
12,4609,4
13,5961,4
5,4243,4
3,2576,4
9,2537,4
15,3992,4
9,2861,4
15,6025,4
8,2072,4
15,3026,3
15,5059,3
13,1109,3
5,403,3
13,3864,3
8,958,3
12,3634,3
1,1080,3
15,2881,3
12,6259,3
15,4999,3
8,783,3
1,3677,3
1,3641,3
6,5604,3
6,256,3
3,3212,3
4,3015,3
13,3918,3
9,4865,3
3,3830,3
6,383,3
6,490,3
3,3824,3
10,2631,3
3,3255,3
2,1614,3
14,5404,3
3,3601,3
12,3171,3
1,2466,3
3,6110,3
5,1237,3
3,6134,3
11,5972,3
13,2409,3
15,4197,3
1,2409,3
5,708,3
6,1494,3
6,2804,3
11,6134,3
9,305,3
15,4241,3
1,2295,3
6,2591,3
8,2036,3
5,990,3
3,5611,3
12,1476,3
6,3394,3
4,1671,3
9,785,3
9,3700,3
9,4123,3
6,3112,3
13,2490,3
5,723,3
6,3087,3
3,5844,3
8,1752,3
6,3041,3
3,5933,3
9,267,3
3,5732,3
9,2633,3
5,925,3
10,1706,3
13,2018,3
1,2072,3
9,549,3
6,2096,3
4,608,3
2,1468,3
1,2067,3
1,2033,3
9,3819,3
6,2029,3
6,1800,3
4,1080,3
6,1934,3
6,1924,3
12,793,3
13,1743,3
4,139,3
6,2507,3
6,2456,3
8,1924,3
1,2209,3
4,249,3
12,1080,3
9,3951,3
1,2132,3
13,2101,3
9,3909,3
13,2072,3
4,305,3
13,2067,3
9,669,3
10,2291,3
15,4987,3
8,1089,3
9,1009,3
3,4550,3
8,1230,3
9,3579,3
6,4589,3
12,1572,3
8,6309,3
6,4521,3
13,1279,3
15,4875,3
6,4376,3
1,3,3
6,785,3
6,4324,3
8,1279,3
11,4094,3
6,5021,3
1,3449,3
9,3573,3
8,5991,3
15,4997,3
6,4880,3
3,4191,3
8,1001,3
6,4665,3
6,598,3
11,4454,3
4,2368,3
11,4550,3
5,518,3
12,6228,3
9,4572,3
8,6134,3
11,4987,3
12,1752,3
3,5263,3
6,3873,3
9,85,3
13,2934,3
1,1548,3
3,5334,3
13,3057,3
11,5090,3
9,108,3
11,5139,3
13,1420,3
9,874,3
11,5231,3
9,4221,3
1,2638,3
11,5021,3
3,4871,3
15,3935,3
1,1420,3
5,697,3
13,3015,3
6,837,3
11,4785,3
13,2999,3
6,4135,3
3,5081,3
8,2099,3
9,4324,3
13,2974,3
8,1572,3
13,3006,3
7,2974,3
3,490,3
1,104,3
5,3514,3
7,5263,3
11,550,3
7,2953,3
7,2132,3
14,1089,3
4,4589,3
7,6336,3
13,5378,3
1,5233,3
1,5231,3
7,6333,3
12,4245,3
7,2940,3
11,292,3
5,4764,3
12,6466,3
12,4376,3
2,1706,3
3,290,3
5,4800,3
7,2975,3
13,5604,3
3,324,3
7,3006,3
5,4874,3
3,438,3
11,477,3
7,5229,3
8,3860,3
5,2312,3
15,5980,3
12,6400,3
8,2988,3
2,810,3
11,1087,3
8,4328,3
7,2433,3
1,6309,3
3,872,3
13,5344,3
13,5229,3
12,3991,3
8,4376,3
3,968,3
13,677,3
3,975,3
9,2451,3
8,277,3
11,1237,3
12,3992,3
11,608,3
9,1763,3
9,1756,3
7,5334,3
14,1282,3
9,3281,3
12,4215,3
8,4322,3
7,5341,3
3,677,3
5,3350,3
5,5488,3
7,5370,3
11,956,3
8,2994,3
8,4150,3
8,4215,3
5,2310,3
3,644,3
4,5231,3
10,5685,3
10,93,3
4,5179,3
1,5961,3
5,2430,3
13,300,3
2,4538,3
1,167,3
7,4276,3
9,2413,3
13,305,3
8,3029,3
13,6157,3
7,4919,3
5,3992,3
8,24,3
2,4837,3
7,4775,3
10,5428,3
5,2465,3
14,518,3
14,217,3
8,3057,3
12,4747,3
2,5179,3
5,3862,3
4,5255,3
12,4741,3
14,4218,3
4,5267,3
8,93,3
10,4900,3
13,5836,3
11,94,3
2,4243,3
2,6470,3
7,6354,3
13,383,3
7,3433,3
10,2959,3
8,2430,3
4,5655,3
5,4620,3
2,4209,3
13,5716,3
8,2409,3
11,288,3
8,3565,3
10,46,3
10,4983,3
4,4987,3
13,6025,3
10,6188,3
8,2465,3
8,3015,3
5,2507,3
9,6358,3
12,4600,3
7,3860,3
7,3859,3
12,4589,3
13,5933,3
5,4481,3
2,4337,3
1,230,3
15,2647,3
15,2661,3
3,2456,3
5,1895,3
7,5844,3
1,1009,3
9,1457,3
3,2506,3
7,677,3
8,4983,3
7,249,3
6,104,3
14,3292,3
3,2614,3
9,5082,3
3,2633,3
10,3802,3
8,4754,3
8,4756,3
11,2507,3
8,2839,3
9,5284,3
1,958,3
13,4568,3
8,4790,3
8,4792,3
10,783,3
3,2415,3
5,293,3
10,3959,3
12,3859,3
3,2440,3
7,305,3
15,5284,3
7,288,3
10,4053,3
11,3372,3
1,3982,3
15,2845,3
6,6470,3
10,2647,3
8,2521,3
10,3781,3
3,3070,3
13,4023,3
11,3413,3
8,5267,3
10,3703,3
9,1428,3
6,6173,3
10,890,3
9,4983,3
8,5085,3
10,968,3
13,4243,3
3,2692,3
11,3041,3
10,3780,3
3,2705,3
2,2633,3
4,3311,3
15,2838,3
4,3381,3
8,2591,3
4,3361,3
11,3112,3
3,2887,3
11,3148,3
11,3171,3
9,1439,3
8,2368,3
8,413,3
1,4803,3
3,1232,3
11,1673,3
7,1756,3
14,1998,3
8,2351,3
1,292,3
11,1800,3
8,2928,3
1,4790,3
1,4777,3
1,4776,3
4,3990,3
13,135,3
4,3982,3
9,2465,3
1,6399,3
2,4062,3
5,3337,3
5,2307,3
3,1016,3
13,723,3
3,1022,3
4,4141,3
1,778,3
11,1671,3
5,3223,3
9,5506,3
4,4053,3
13,5000,3
11,1572,3
10,4376,3
3,1212,3
13,4986,3
15,1752,3
7,5381,3
9,3361,3
8,4606,3
1,4555,3
9,3438,3
5,6309,3
2,3601,3
15,2304,3
4,6025,3
15,2324,3
12,6311,3
2,3455,3
13,93,3
3,2018,3
8,2984,3
3,1573,3
7,874,3
7,1237,3
13,120,3
3,1572,3
11,2072,3
11,2029,3
15,5991,3
5,2841,2
12,1081,2
5,3696,2
6,1572,2
6,1604,2
5,3677,2
9,2254,2
9,3022,2
5,3351,2
5,2839,2
5,2811,2
5,2665,2
6,1795,2
6,1560,2
9,2577,2
12,1068,2
9,3821,2
12,4776,2
6,1546,2
5,2484,2
5,3534,2
5,2661,2
6,1526,2
12,5216,2
12,925,2
5,3525,2
5,3011,2
9,2515,2
9,3571,2
5,2152,2
9,2488,2
5,2159,2
9,2760,2
6,545,2
9,1039,2
6,579,2
9,3583,2
5,6173,2
12,2839,2
12,2647,2
9,1029,2
5,6138,2
5,6136,2
5,6087,2
5,6025,2
9,2811,2
5,5975,2
6,728,2
9,2468,2
6,218,2
6,233,2
12,3641,2
9,1438,2
6,277,2
6,290,2
9,3489,2
5,1823,2
9,1407,2
6,130,2
9,3449,2
6,99,2
9,3493,2
6,93,2
12,3113,2
6,416,2
6,21,2
12,3860,2
9,3510,2
5,1706,2
12,1671,2
12,4443,2
9,3254,2
9,870,2
9,3159,2
5,4163,2
9,2029,2
9,2033,2
5,3990,2
5,3983,2
12,5459,2
6,1352,2
12,4725,2
9,2082,2
9,775,2
12,5320,2
5,3834,2
9,3097,2
9,2300,2
5,3960,2
12,2425,2
6,788,2
9,3282,2
5,1377,2
9,3581,2
5,5403,2
5,1367,2
5,5219,2
9,1930,2
6,958,2
12,4251,2
12,1810,2
12,4259,2
9,3601,2
9,1773,2
9,1822,2
9,2430,2
12,1673,2
12,5444,2
9,1766,2
8,3097,2
10,5675,2
7,4555,2
7,4550,2
8,3156,2
7,4373,2
7,4335,2
8,3170,2
7,4324,2
10,5925,2
7,4175,2
10,49,2
11,3641,2
10,6090,2
7,4077,2
7,3990,2
7,3980,2
7,3971,2
10,36,2
10,33,2
10,6202,2
10,1,2
10,6212,2
7,3898,2
8,3374,2
7,4123,2
7,5284,2
10,4842,2
7,5226,2
7,5225,2
8,2999,2
10,4958,2
7,4913,2
7,4892,2
10,5160,2
7,4600,2
10,5170,2
10,5267,2
10,5293,2
8,3038,2
7,4756,2
7,4745,2
8,3041,2
7,4741,2
10,5582,2
7,4665,2
10,249,2
7,4880,2
9,5933,2
7,3015,2
11,449,2
9,5912,2
8,3903,2
7,2945,2
11,569,2
9,5881,2
11,598,2
9,5879,2
11,600,2
11,697,2
11,706,2
11,817,2
11,829,2
8,3983,2
7,2677,2
11,872,2
7,2638,2
7,2928,2
7,3864,2
7,3854,2
7,3842,2
10,6396,2
7,3702,2
8,3516,2
7,3594,2
8,3521,2
7,3593,2
9,6134,2
7,3058,2
7,3394,2
8,3569,2
11,256,2
7,3272,2
7,3216,2
7,3171,2
7,3112,2
7,3097,2
8,3593,2
11,298,2
8,3594,2
7,3446,2
8,643,2
8,600,2
8,599,2
10,2677,2
10,2701,2
10,910,2
10,2705,2
10,907,2
8,545,2
8,524,2
10,2706,2
8,477,2
8,435,2
10,2738,2
8,300,2
8,2370,2
8,238,2
8,236,2
8,2374,2
10,2884,2
8,218,2
8,153,2
10,2893,2
10,1631,2
8,1988,2
8,1980,2
10,1840,2
10,1863,2
10,1432,2
8,1788,2
8,1761,2
8,1730,2
10,1948,2
8,2077,2
8,739,2
10,1971,2
10,2010,2
10,1357,2
10,2027,2
10,1176,2
8,1072,2
8,2214,2
8,1013,2
8,962,2
8,926,2
8,2215,2
10,1009,2
10,1958,2
10,719,2
7,5629,2
7,5607,2
8,2838,2
10,671,2
10,4123,2
10,636,2
10,4157,2
10,4213,2
7,5532,2
10,2932,2
10,4313,2
10,4319,2
10,4373,2
8,2964,2
7,5382,2
10,413,2
7,5376,2
10,4486,2
10,4527,2
10,4561,2
10,4281,2
10,2994,2
10,3011,2
8,67,2
10,3087,2
8,1,2
10,3171,2
7,6479,2
10,3173,2
7,6474,2
8,2495,2
7,5647,2
7,6404,2
10,3367,2
8,2507,2
10,3634,2
7,6298,2
8,2522,2
10,3762,2
10,3768,2
10,3785,2
10,855,2
10,4015,2
10,723,2
7,5727,2
7,6457,2
6,4595,2
8,6301,2
11,4670,2
6,4443,2
8,6331,2
8,6337,2
8,6477,2
11,4775,2
9,4361,2
8,4191,2
9,4346,2
9,4329,2
6,4229,2
11,4792,2
6,4124,2
11,4803,2
6,3969,2
9,4282,2
11,4929,2
6,3887,2
11,4993,2
9,4348,2
9,4741,2
6,5255,2
6,5231,2
6,5229,2
8,5972,2
6,5207,2
9,4715,2
11,4215,2
8,5990,2
8,5993,2
6,4902,2
8,6296,2
9,4661,2
11,4428,2
6,4791,2
9,4656,2
6,4790,2
6,4776,2
9,4645,2
8,6088,2
6,4741,2
11,4555,2
9,4589,2
8,6138,2
8,6229,2
9,4670,2
9,277,2
11,6103,2
6,2647,2
6,2646,2
11,6314,2
6,2547,2
11,6481,2
6,2466,2
9,394,2
6,3838,2
6,2313,2
6,2280,2
6,2207,2
6,2097,2
6,2067,2
9,3851,2
6,2018,2
6,1998,2
6,1971,2
9,571,2
12,778,2
6,2409,2
6,3808,2
6,3682,2
11,5136,2
11,5137,2
11,5155,2
9,4229,2
11,5226,2
11,5229,2
11,5232,2
6,3530,2
11,5275,2
6,3436,2
6,2953,2
11,5377,2
9,152,2
11,5428,2
11,5448,2
9,4161,2
9,4053,2
11,5793,2
11,5818,2
11,5836,2
6,2988,2
11,5991,2
11,5372,2
11,1971,2
9,5363,2
7,1294,2
7,1226,2
11,2186,2
7,1081,2
9,5359,2
7,855,2
7,788,2
7,785,2
8,4760,2
6,5275,2
7,524,2
8,4775,2
11,2522,2
7,477,2
7,416,2
8,4865,2
11,2602,2
7,383,2
8,4881,2
8,4910,2
7,303,2
7,292,2
11,2924,2
9,5187,2
11,2509,2
7,2517,2
7,2500,2
11,1060,2
11,1068,2
11,1081,2
8,4337,2
9,5513,2
8,4373,2
7,2391,2
11,1110,2
7,2214,2
7,2207,2
9,5498,2
11,1356,2
7,2056,2
7,2029,2
8,4417,2
7,1998,2
7,1996,2
11,1548,2
7,1924,2
9,5503,2
7,1821,2
8,4461,2
9,5500,2
6,6025,2
11,3731,2
11,3732,2
6,5978,2
6,5972,2
8,5384,2
8,5391,2
6,5933,2
11,3854,2
9,4889,2
9,4881,2
9,5179,2
9,4880,2
6,5716,2
6,5655,2
11,3872,2
11,3900,2
6,5583,2
9,4837,2
6,5408,2
6,5343,2
11,3982,2
7,256,2
7,251,2
7,233,2
9,5141,2
7,213,2
11,2988,2
8,5078,2
11,3029,2
7,167,2
11,3057,2
6,6080,2
7,87,2
8,5136,2
11,3257,2
11,3382,2
11,3394,2
11,3398,2
11,3443,2
8,5273,2
9,4970,2
6,6136,2
8,5343,2
6,6106,2
7,94,2
4,167,2
13,5051,2
4,152,2
13,2250,2
1,3859,2
1,3887,2
13,2267,2
2,1625,2
4,94,2
3,1120,2
15,4496,2
3,1135,2
2,1621,2
13,2295,2
15,2850,2
3,6484,2
3,1218,2
3,1222,2
13,2368,2
1,3935,2
13,2033,2
1,3565,2
14,4993,2
13,2054,2
15,3333,2
13,2068,2
3,996,2
13,2096,2
14,5086,2
2,1633,2
1,3634,2
13,5155,2
1,3683,2
13,2132,2
13,5097,2
13,2150,2
15,3084,2
15,3057,2
3,1025,2
15,2994,2
3,1015,2
14,5972,2
14,6023,2
15,2471,2
15,2433,2
15,2430,2
3,1546,2
13,2614,2
1,4604,2
15,2268,2
3,1242,2
13,2635,2
1,4665,2
3,5629,2
1,4742,2
15,1958,2
1,4757,2
3,1746,2
14,6224,2
3,5491,2
13,2800,2
13,4790,2
13,4881,2
1,4094,2
1,4141,2
13,4866,2
13,4865,2
13,2391,2
1,4282,2
3,6222,2
2,1587,2
3,6156,2
13,2465,2
15,2633,2
13,2466,2
3,1357,2
13,2517,2
2,1572,2
3,5922,2
13,2410,2
13,5399,2
4,1943,2
15,3982,2
3,523,2
13,5396,2
3,530,2
3,531,2
4,1853,2
3,534,2
14,4215,2
2,1653,2
2,2029,2
4,1761,2
1,2917,2
1,2928,2
1,2934,2
2,1901,2
13,1230,2
1,2141,2
1,2207,2
4,2317,2
13,5606,2
13,1294,2
1,2387,2
2,2171,2
1,2490,2
13,5453,2
14,3982,2
3,480,2
3,482,2
3,508,2
1,2591,2
3,383,2
13,5273,2
4,958,2
13,1823,2
4,870,2
13,5255,2
13,5254,2
13,1924,2
4,778,2
3,939,2
4,745,2
14,4443,2
13,1934,2
4,677,2
1,3433,2
15,3529,2
15,3521,2
13,1968,2
3,977,2
13,1971,2
13,1984,2
15,3390,2
2,1654,2
1,2996,2
15,3864,2
14,4550,2
1,3049,2
4,1420,2
13,5317,2
13,1572,2
3,660,2
14,4598,2
14,4732,2
14,4609,2
4,1223,2
4,1135,2
2,1689,2
13,5285,2
13,1772,2
3,755,2
14,4723,2
14,4725,2
15,3677,2
15,3676,2
13,1631,2
15,87,2
13,3641,2
3,2577,2
3,3879,2
3,2586,2
3,2647,2
13,4299,2
3,2657,2
3,3859,2
13,2811,2
1,5822,2
1,5844,2
15,120,2
13,4262,2
3,2684,2
3,3832,2
3,3808,2
3,3788,2
1,5972,2
13,4282,2
3,4195,2
3,4178,2
3,2444,2
3,4133,2
13,3470,2
3,2445,2
3,4120,2
1,5604,2
15,83,2
13,4337,2
13,3569,2
2,958,2
2,855,2
13,4358,2
1,5716,2
1,5745,2
3,4014,2
3,2543,2
13,3594,2
3,2553,2
13,3565,2
3,3381,2
3,3310,2
3,3272,2
13,4094,2
13,3943,2
3,2989,2
3,2767,2
13,3971,2
13,3976,2
3,3189,2
2,49,2
2,85,2
15,397,2
3,3057,2
3,3073,2
2,249,2
3,3199,2
1,5985,2
15,123,2
15,780,2
13,4221,2
13,4215,2
2,630,2
13,3809,2
13,4192,2
15,277,2
1,6120,2
1,6218,2
3,3456,2
3,3439,2
13,3886,2
1,6283,2
1,6284,2
15,568,2
3,2804,2
15,1285,2
13,4706,2
2,1490,2
3,5226,2
3,1964,2
1,5085,2
3,5225,2
3,5222,2
3,5180,2
1,5445,2
3,5167,2
13,2975,2
3,1968,2
13,2976,2
13,4656,2
14,6349,2
13,2979,2
3,1997,2
3,2017,2
2,1476,2
13,4609,2
2,1483,2
3,1822,2
13,4766,2
14,6284,2
14,6297,2
3,5428,2
1,4880,2
15,1572,2
3,5354,2
14,6344,2
3,5267,2
13,4756,2
1,4987,2
1,4993,2
3,1899,2
3,5332,2
3,1934,2
3,5322,2
3,5284,2
1,5021,2
13,2940,2
15,1299,2
3,5343,2
3,4570,2
3,4558,2
13,4505,2
13,3255,2
13,3336,2
15,1087,2
15,1081,2
3,4376,2
15,1068,2
3,5000,2
13,3423,2
3,4324,2
3,2439,2
1,5322,2
1,5343,2
15,1059,2
3,4221,2
3,4218,2
1,5314,2
13,4604,2
13,3008,2
3,4901,2
13,4601,2
13,3058,2
3,2071,2
3,4787,2
3,4780,2
2,1424,2
13,4518,2
13,3096,2
13,4562,2
3,4670,2
13,3098,2
13,3112,2
3,4649,2
3,4643,2
1,5255,2
14,6466,2
3,4589,2
13,4577,2
12,6489,2
13,979,2
14,2080,2
5,27,2
14,3100,2
4,5428,2
15,4792,2
4,6470,2
15,6460,2
15,6468,2
1,1494,2
4,3087,2
13,878,2
4,4651,2
14,85,2
13,3,2
2,2959,2
4,3634,2
2,4077,2
1,981,2
15,5275,2
2,4339,2
13,225,2
12,6317,2
2,5469,2
13,6173,2
15,6331,2
14,241,2
13,230,2
13,5796,2
15,5933,2
4,3171,2
12,6137,2
15,5887,2
4,4744,2
5,202,2
13,1013,2
15,5884,2
3,53,2
5,201,2
13,1001,2
1,1582,2
2,4983,2
2,3873,2
5,139,2
5,120,2
1,1604,2
4,4215,2
2,3408,2
1,416,2
13,5967,2
13,699,2
13,113,2
13,697,2
14,2461,2
13,568,2
13,671,2
1,1098,2
13,855,2
13,6336,2
4,5877,2
13,5950,2
2,4123,2
1,1068,2
2,6042,2
4,4432,2
14,2412,2
4,4492,2
14,1095,2
4,4495,2
14,2932,2
4,3819,2
1,1282,2
4,4973,2
4,5602,2
1,1226,2
15,5000,2
13,5844,2
4,5782,2
4,6122,2
15,5176,2
13,760,2
1,277,2
4,4555,2
4,4550,2
2,5423,2
14,1034,2
4,5716,2
13,87,2
1,413,2
2,3635,2
13,6273,2
4,2532,2
1,788,2
15,6153,2
15,6087,2
14,3543,2
2,5629,2
1,771,2
2,4687,2
5,716,2
1,2029,2
15,4598,2
2,4539,2
4,2638,2
13,1128,2
15,5615,2
5,707,2
3,147,2
3,145,2
13,1101,2
15,6138,2
1,241,2
13,413,2
5,799,2
1,2082,2
13,1223,2
5,787,2
5,4600,2
13,414,2
1,785,2
13,5678,2
5,734,2
2,4632,2
2,4665,2
13,1187,2
2,4595,2
13,1181,2
3,217,2
1,2057,2
1,293,2
1,783,2
13,404,2
2,4880,2
1,1940,2
5,308,2
4,2992,2
12,6271,2
2,4486,2
4,3079,2
2,4072,2
13,270,2
14,277,2
1,1924,2
13,480,2
3,139,2
4,5263,2
13,1080,2
15,4651,2
2,3959,2
5,477,2
13,5782,2
15,5985,2
1,1863,2
14,1546,2
4,4751,2
5,666,2
2,4881,2
15,4620,2
2,2679,2
5,288,2
10,1433,1
10,4460,1
14,6427,1
14,6351,1
14,6428,1
10,4650,1
10,4684,1
10,1430,1
10,4651,1
14,1706,1
14,1300,1
14,1743,1
14,6436,1
14,6388,1
10,4538,1
10,4521,1
14,6410,1
10,4477,1
14,6347,1
10,1651,1
14,6348,1
10,4720,1
10,4559,1
14,1582,1
14,6405,1
14,6400,1
10,1813,1
14,1286,1
10,1823,1
10,1466,1
10,1886,1
14,6426,1
14,1365,1
14,1123,1
14,1171,1
10,4469,1
14,6397,1
10,4562,1
10,1839,1
10,4598,1
14,6398,1
10,4595,1
14,6345,1
10,1836,1
14,1625,1
10,4594,1
10,4589,1
10,1487,1
10,5109,1
15,213,1
15,211,1
15,189,1
10,896,1
10,899,1
10,5103,1
10,900,1
15,135,1
10,4902,1
14,738,1
10,901,1
10,902,1
10,904,1
14,743,1
15,104,1
10,5100,1
14,788,1
10,5092,1
10,5101,1
15,337,1
10,832,1
10,840,1
10,841,1
10,5179,1
10,5178,1
10,845,1
10,849,1
15,326,1
15,318,1
10,853,1
10,5110,1
15,314,1
10,870,1
14,616,1
14,689,1
10,877,1
10,884,1
10,5149,1
10,889,1
15,281,1
10,5136,1
10,5131,1
15,230,1
15,217,1
10,1081,1
10,1135,1
10,4849,1
10,1147,1
14,1035,1
10,1201,1
10,1209,1
10,4843,1
14,1036,1
14,1061,1
10,905,1
10,4837,1
10,4815,1
10,1299,1
14,6497,1
10,1367,1
10,1402,1
14,6495,1
10,1409,1
10,4780,1
14,6487,1
14,1084,1
14,6473,1
14,1068,1
15,93,1
10,5041,1
10,5025,1
10,5021,1
10,909,1
10,5005,1
10,5000,1
14,858,1
10,911,1
14,859,1
14,870,1
14,982,1
10,1013,1
10,4904,1
10,1032,1
14,925,1
14,927,1
14,932,1
15,64,1
10,4861,1
10,1052,1
10,4972,1
10,2867,1
14,4735,1
10,3800,1
10,2868,1
14,4734,1
10,2870,1
10,3798,1
10,2876,1
14,3149,1
14,4670,1
14,4645,1
14,3202,1
14,1992,1
10,3776,1
10,2901,1
14,4584,1
14,3293,1
14,4589,1
10,2879,1
10,3790,1
14,4601,1
14,3213,1
10,3793,1
10,4009,1
10,2702,1
14,5021,1
14,5000,1
10,2715,1
10,2727,1
10,2729,1
14,4914,1
10,3898,1
14,2994,1
10,2733,1
14,4740,1
10,2784,1
14,3087,1
10,2769,1
10,2755,1
10,2739,1
10,3811,1
14,4770,1
10,3823,1
14,4873,1
10,3825,1
10,3833,1
10,3836,1
14,4741,1
10,3746,1
10,3229,1
10,3739,1
10,3230,1
10,3233,1
10,3268,1
10,3735,1
10,3419,1
10,3447,1
10,3601,1
10,3606,1
10,2902,1
14,3595,1
14,3610,1
14,3677,1
10,3701,1
10,3679,1
10,3711,1
14,3557,1
10,3644,1
14,3683,1
14,3544,1
14,3864,1
14,3873,1
10,3628,1
10,3668,1
10,3772,1
14,4459,1
14,4455,1
10,2984,1
14,4376,1
10,3061,1
14,4354,1
14,3381,1
14,4305,1
14,4260,1
14,4245,1
10,3228,1
10,3227,1
10,3747,1
14,3464,1
10,3212,1
10,3751,1
10,3193,1
10,3188,1
14,3438,1
14,3992,1
10,3757,1
14,4006,1
10,3758,1
14,4036,1
10,3760,1
10,3132,1
10,2168,1
14,6103,1
10,2178,1
14,6087,1
10,2185,1
10,2224,1
10,2235,1
10,2271,1
14,2214,1
14,2266,1
10,4312,1
10,2286,1
14,5941,1
10,2356,1
10,4235,1
10,4240,1
10,2323,1
10,2322,1
10,4299,1
10,4265,1
10,4266,1
10,2292,1
14,2327,1
14,5959,1
10,4264,1
10,1898,1
10,1901,1
14,1856,1
14,6315,1
10,1947,1
14,1931,1
14,1955,1
10,4372,1
10,1956,1
14,6124,1
10,2166,1
14,6137,1
10,2165,1
10,4340,1
10,4355,1
10,2072,1
14,6281,1
14,6172,1
14,6222,1
10,2021,1
10,2015,1
10,4371,1
14,1958,1
10,1987,1
14,5364,1
10,2632,1
14,2529,1
10,2638,1
10,2643,1
14,5231,1
14,5220,1
14,2641,1
10,4111,1
10,4103,1
14,2646,1
14,5034,1
14,5043,1
10,2693,1
10,4023,1
14,5106,1
14,2652,1
10,4076,1
14,2647,1
10,4056,1
14,5110,1
10,4057,1
10,4061,1
10,4064,1
14,5933,1
10,2409,1
10,2443,1
14,2351,1
14,5872,1
10,4215,1
10,2446,1
10,2451,1
14,2391,1
10,4203,1
14,5849,1
10,4172,1
10,2505,1
10,2512,1
10,4155,1
10,2598,1
10,2592,1
14,2429,1
10,2570,1
14,5463,1
14,5487,1
14,5612,1
10,2569,1
14,5822,1
10,2568,1
10,2564,1
10,2555,1
10,2548,1
14,5633,1
15,4600,1
15,4607,1
15,4611,1
9,3820,1
9,3818,1
14,533,1
9,3729,1
9,3713,1
15,4705,1
15,4710,1
15,4745,1
15,4768,1
15,4775,1
9,3787,1
9,3967,1
9,3963,1
15,4395,1
9,3914,1
9,3894,1
9,3891,1
15,4599,1
15,4525,1
15,4547,1
15,4550,1
9,3860,1
9,3856,1
9,3849,1
9,3887,1
15,4961,1
9,3577,1
15,4974,1
9,3576,1
15,4988,1
15,4989,1
9,3678,1
9,3537,1
9,3532,1
9,3512,1
9,3511,1
15,5177,1
15,5196,1
9,3509,1
9,3508,1
9,3677,1
15,4776,1
9,3635,1
9,3628,1
9,3580,1
15,4785,1
9,3617,1
15,4790,1
9,3614,1
15,4793,1
15,4796,1
15,4800,1
15,4865,1
15,4876,1
9,3626,1
15,3898,1
9,4362,1
15,3908,1
15,4295,1
9,4333,1
9,4326,1
9,4309,1
9,4298,1
9,4343,1
9,4519,1
15,3703,1
9,4516,1
9,4511,1
15,3719,1
15,3720,1
9,4495,1
15,3745,1
9,4478,1
15,3786,1
9,4473,1
15,3808,1
9,4410,1
15,3817,1
15,3834,1
15,3876,1
15,3877,1
9,4371,1
9,4474,1
9,4060,1
9,4048,1
9,4040,1
9,4276,1
15,4163,1
9,4023,1
15,4196,1
9,4018,1
9,4013,1
9,4007,1
15,4201,1
9,3995,1
9,3982,1
15,4152,1
9,4274,1
9,4273,1
15,3949,1
9,4243,1
9,4234,1
15,3971,1
9,4231,1
15,4027,1
9,4220,1
15,3985,1
9,4213,1
9,4195,1
9,4174,1
15,4008,1
9,4160,1
9,4159,1
9,4143,1
9,3117,1
9,3109,1
9,3099,1
1,259,1
9,3094,1
1,262,1
1,284,1
9,3080,1
9,3075,1
9,3074,1
9,3071,1
1,286,1
1,55,1
15,5637,1
9,3086,1
9,3264,1
9,3256,1
1,221,1
9,3251,1
9,3221,1
9,3165,1
9,3122,1
9,3161,1
9,3160,1
9,3146,1
1,251,1
9,3136,1
1,256,1
9,3131,1
9,3130,1
9,3164,1
15,5999,1
9,2748,1
9,2718,1
9,2711,1
9,2709,1
15,6002,1
15,6013,1
9,2707,1
9,2705,1
9,2689,1
1,82,1
9,2681,1
9,2674,1
15,6017,1
15,5640,1
15,5697,1
9,3045,1
15,5699,1
1,33,1
9,2994,1
9,2984,1
15,5859,1
15,5986,1
9,2908,1
15,5949,1
9,2822,1
15,5861,1
9,3483,1
9,3481,1
15,5265,1
15,5270,1
9,3480,1
15,5273,1
1,211,1
9,3472,1
9,3467,1
9,3456,1
15,5343,1
9,3442,1
9,3474,1
9,3504,1
9,3501,1
9,3500,1
9,3499,1
15,5197,1
9,3498,1
9,3495,1
15,5202,1
15,5263,1
9,3491,1
15,5221,1
9,3490,1
15,5235,1
15,5237,1
9,3486,1
9,3485,1
15,5253,1
9,3492,1
9,3280,1
15,5616,1
15,5620,1
1,95,1
1,100,1
9,3278,1
9,3274,1
1,5,1
1,158,1
1,163,1
1,191,1
9,3267,1
9,3275,1
15,5400,1
15,5418,1
9,3404,1
15,5449,1
9,3395,1
9,3362,1
15,5529,1
9,3348,1
9,3344,1
9,3295,1
9,3290,1
9,3289,1
9,3285,1
15,5534,1
15,5486,1
15,1122,1
9,5893,1
9,5890,1
15,1124,1
9,5883,1
15,1139,1
15,3699,1
15,1242,1
15,1267,1
9,5878,1
9,5877,1
9,5847,1
9,5882,1
9,6017,1
15,1010,1
15,1044,1
9,6011,1
15,1045,1
15,1048,1
15,1050,1
9,5976,1
9,5963,1
9,5896,1
9,5925,1
9,5923,1
9,5913,1
15,1062,1
9,5899,1
15,1072,1
9,5897,1
9,5961,1
9,5637,1
9,5603,1
9,5597,1
9,5586,1
9,5544,1
9,5540,1
9,5539,1
9,5535,1
9,5521,1
15,1367,1
9,5592,1
9,5843,1
15,1270,1
9,5841,1
9,5840,1
9,5822,1
9,5704,1
9,5805,1
9,5788,1
9,5785,1
9,5784,1
9,5781,1
9,5719,1
15,1281,1
15,1277,1
15,550,1
15,557,1
10,411,1
15,617,1
10,400,1
10,365,1
9,6051,1
15,652,1
15,692,1
15,697,1
15,705,1
15,717,1
10,256,1
15,718,1
15,642,1
15,354,1
15,359,1
15,371,1
10,695,1
15,376,1
15,428,1
15,515,1
10,626,1
15,464,1
10,558,1
15,483,1
15,510,1
15,458,1
9,6464,1
9,6456,1
9,6403,1
9,6401,1
15,925,1
15,928,1
9,6259,1
9,6186,1
15,727,1
15,960,1
9,6166,1
9,6137,1
9,6136,1
15,1009,1
9,6122,1
9,6112,1
9,6102,1
9,6173,1
10,241,1
10,167,1
10,120,1
15,785,1
15,788,1
10,87,1
10,85,1
9,6490,1
15,797,1
15,814,1
10,48,1
15,815,1
15,870,1
10,9,1
15,789,1
15,3011,1
9,4917,1
15,3207,1
15,3239,1
9,4844,1
15,1494,1
15,3272,1
9,4826,1
9,4824,1
9,4820,1
15,3387,1
9,4816,1
9,5006,1
15,2844,1
9,4986,1
15,2852,1
15,2855,1
15,2856,1
15,2861,1
9,4920,1
9,4971,1
15,2882,1
9,4960,1
9,4959,1
15,2984,1
9,4634,1
9,4629,1
9,4628,1
9,4627,1
9,4601,1
9,4580,1
9,4578,1
15,3683,1
15,3694,1
9,4555,1
15,3695,1
9,4537,1
9,4592,1
15,3389,1
9,4780,1
15,3391,1
15,3392,1
9,4714,1
9,4691,1
15,3530,1
9,4662,1
15,3532,1
15,3533,1
15,3537,1
15,3539,1
15,3540,1
9,5360,1
15,1863,1
15,1970,1
15,2091,1
15,2189,1
15,2226,1
9,5358,1
9,5010,1
15,2245,1
9,5356,1
15,2392,1
15,2230,1
15,1596,1
9,5507,1
15,1787,1
9,5501,1
15,1856,1
9,5499,1
15,1816,1
9,5497,1
15,1823,1
9,5484,1
9,5451,1
9,5410,1
15,1792,1
9,5177,1
15,2774,1
9,5161,1
15,2804,1
15,2822,1
15,2465,1
15,2842,1
15,2843,1
9,5062,1
9,5061,1
9,5060,1
9,5080,1
15,2472,1
15,2473,1
15,2493,1
15,2517,1
9,5282,1
9,5273,1
9,5263,1
9,5189,1
15,2580,1
15,2582,1
9,5229,1
9,5225,1
9,5209,1
15,2635,1
15,2563,1
12,413,1
13,1982,1
13,1994,1
12,349,1
12,335,1
12,308,1
13,1995,1
9,2673,1
13,2040,1
12,221,1
13,2056,1
13,2025,1
13,1862,1
13,1870,1
13,1882,1
12,701,1
13,1909,1
12,683,1
12,662,1
12,435,1
12,587,1
12,580,1
12,557,1
13,1965,1
12,490,1
11,6473,1
11,6470,1
11,6421,1
13,2259,1
11,6353,1
13,2272,1
11,6333,1
13,2274,1
13,2292,1
13,2083,1
11,6315,1
13,2301,1
13,2302,1
13,2355,1
11,6305,1
11,6301,1
11,6282,1
11,6327,1
13,2104,1
12,189,1
12,150,1
12,139,1
13,2113,1
12,121,1
12,93,1
13,2241,1
13,2157,1
13,2158,1
12,48,1
13,2170,1
11,6502,1
11,6497,1
13,2147,1
12,1613,1
12,1607,1
13,1459,1
13,1462,1
12,1547,1
12,1546,1
13,1473,1
12,1487,1
13,1485,1
12,780,1
13,1494,1
12,1323,1
12,1320,1
13,1499,1
12,1235,1
13,1507,1
13,1510,1
13,1491,1
12,1899,1
12,1857,1
12,1856,1
12,1851,1
12,1823,1
13,1401,1
13,1406,1
12,1727,1
12,1619,1
12,1720,1
13,1416,1
12,1705,1
13,1422,1
13,1424,1
12,1668,1
12,1648,1
12,1629,1
12,1724,1
13,1709,1
13,1753,1
13,1761,1
12,1009,1
13,1778,1
13,1800,1
12,861,1
12,830,1
13,1815,1
13,1820,1
12,792,1
12,783,1
13,1783,1
13,1526,1
12,1171,1
13,1528,1
12,1108,1
12,1104,1
13,1537,1
12,1097,1
13,1547,1
12,1073,1
12,1089,1
13,1548,1
12,1088,1
12,1087,1
13,1596,1
12,1085,1
13,1618,1
13,1698,1
11,5018,1
11,5013,1
11,5002,1
13,2947,1
13,2952,1
11,6266,1
11,4964,1
13,2969,1
11,4913,1
11,4879,1
11,4837,1
11,4835,1
13,2982,1
11,4965,1
13,2804,1
13,2805,1
11,5200,1
11,5191,1
13,2861,1
13,2893,1
11,5111,1
11,5080,1
11,5047,1
13,2931,1
11,4744,1
13,3071,1
13,3076,1
11,4739,1
13,3097,1
11,4725,1
11,4707,1
11,4795,1
11,4663,1
13,3152,1
13,3162,1
13,3187,1
13,3214,1
13,3216,1
13,3243,1
13,3251,1
13,3133,1
13,2987,1
13,2995,1
13,2998,1
11,4784,1
11,4782,1
13,3063,1
13,3033,1
13,3037,1
13,3048,1
13,3054,1
11,4766,1
13,3060,1
11,4756,1
11,6022,1
11,6021,1
11,6019,1
11,6018,1
11,6004,1
13,2415,1
13,2433,1
13,2456,1
11,5246,1
11,5970,1
11,5949,1
13,2469,1
13,2492,1
11,5891,1
13,2507,1
13,2460,1
11,6258,1
11,6230,1
11,6229,1
11,6227,1
11,6225,1
11,6222,1
13,2389,1
13,2380,1
11,6084,1
11,6073,1
11,6072,1
13,2385,1
11,6042,1
11,6032,1
13,2379,1
11,5559,1
11,5464,1
11,5453,1
13,2645,1
13,2647,1
13,2667,1
11,5370,1
13,2524,1
13,2676,1
13,2677,1
11,5298,1
11,5281,1
13,2708,1
11,5270,1
13,2709,1
13,2765,1
13,2777,1
11,5344,1
13,2529,1
11,5820,1
13,2543,1
13,2578,1
11,5765,1
11,5716,1
11,5639,1
11,5633,1
13,2641,1
11,5612,1
13,2599,1
11,5610,1
11,5607,1
13,2625,1
13,2634,1
13,2638,1
13,2592,1
13,226,1
12,4777,1
12,4775,1
13,229,1
12,4742,1
13,233,1
13,240,1
12,1932,1
13,254,1
13,256,1
13,263,1
13,279,1
13,288,1
13,249,1
13,161,1
13,167,1
12,4927,1
12,4921,1
12,4913,1
12,4782,1
12,4837,1
13,218,1
12,4792,1
12,4790,1
13,219,1
13,221,1
12,4881,1
12,4447,1
13,491,1
12,4441,1
12,4434,1
12,4432,1
13,502,1
13,521,1
13,525,1
13,551,1
13,552,1
12,4260,1
13,553,1
12,4258,1
13,512,1
13,307,1
12,4665,1
13,326,1
12,4663,1
13,335,1
13,393,1
13,399,1
12,4601,1
13,420,1
12,4598,1
12,4550,1
13,433,1
12,4604,1
12,6243,1
12,5791,1
12,5726,1
12,6244,1
12,6269,1
12,5721,1
12,5716,1
12,6277,1
12,5703,1
12,4987,1
12,6322,1
12,5647,1
12,6343,1
12,6397,1
12,5488,1
12,6399,1
12,6462,1
12,5674,1
12,6169,1
12,6073,1
12,6072,1
12,6069,1
12,6025,1
12,6013,1
12,5995,1
12,5988,1
12,6226,1
12,5934,1
12,5933,1
12,6229,1
12,6028,1
13,38,1
12,5213,1
12,5184,1
12,5179,1
13,82,1
12,5177,1
12,5117,1
12,6488,1
13,99,1
12,5099,1
12,5085,1
12,5030,1
13,104,1
13,114,1
13,150,1
12,4999,1
12,5110,1
12,5428,1
12,6496,1
12,5280,1
12,5279,1
12,6503,1
12,5276,1
13,4,1
13,29,1
13,5,1
12,5265,1
13,8,1
13,9,1
13,11,1
12,5233,1
12,5273,1
12,3057,1
12,3014,1
13,1132,1
13,1138,1
12,3005,1
12,2994,1
12,4257,1
13,1167,1
12,2984,1
13,1180,1
12,2958,1
13,1191,1
13,1201,1
13,1226,1
13,1227,1
13,1163,1
12,3521,1
12,3455,1
12,3423,1
13,1060,1
12,3382,1
12,3381,1
13,1072,1
13,1076,1
13,1127,1
13,1084,1
12,3173,1
13,1087,1
13,1094,1
12,3114,1
13,1099,1
13,1107,1
12,3103,1
12,3102,1
12,3339,1
12,2304,1
12,2284,1
13,1356,1
12,2280,1
13,1359,1
12,2227,1
13,1364,1
12,2144,1
12,2838,1
12,2086,1
12,2029,1
12,1999,1
13,1375,1
12,1992,1
12,1971,1
12,2103,1
12,2720,1
13,1231,1
12,2642,1
13,1235,1
13,1239,1
12,2635,1
13,1242,1
12,2604,1
13,1244,1
12,2429,1
12,2368,1
12,2607,1
13,674,1
13,690,1
13,713,1
12,3986,1
12,3975,1
13,728,1
13,741,1
12,3533,1
13,748,1
13,749,1
13,750,1
13,772,1
13,746,1
12,4256,1
12,4250,1
12,4247,1
13,559,1
12,4244,1
13,561,1
13,565,1
12,4006,1
12,4229,1
12,4150,1
13,570,1
13,575,1
13,608,1
13,643,1
13,648,1
12,4094,1
13,569,1
13,926,1
13,931,1
13,997,1
13,1005,1
13,1021,1
13,1040,1
13,1044,1
12,3593,1
13,1052,1
12,3591,1
12,3553,1
13,1007,1
13,784,1
12,3932,1
12,3916,1
12,3902,1
13,791,1
13,825,1
12,3838,1
12,3707,1
13,874,1
13,876,1
13,920,1
13,860,1
13,5502,1
13,5506,1
13,5541,1
11,448,1
13,5553,1
13,5611,1
11,4601,1
13,5622,1
13,5627,1
13,5629,1
13,5637,1
11,430,1
13,5654,1
13,5655,1
13,5657,1
13,5612,1
11,579,1
11,578,1
13,5395,1
11,577,1
11,555,1
13,5459,1
13,5410,1
13,5430,1
13,5440,1
13,5448,1
11,480,1
13,5786,1
13,5788,1
11,220,1
13,5794,1
11,219,1
11,218,1
13,5663,1
11,211,1
11,206,1
11,189,1
13,5803,1
11,167,1
11,152,1
13,5804,1
13,5666,1
13,5677,1
11,293,1
13,5685,1
13,5698,1
13,5709,1
11,287,1
11,283,1
13,5779,1
13,5714,1
11,282,1
11,280,1
13,5720,1
13,5746,1
11,278,1
13,5756,1
11,251,1
13,5713,1
11,1194,1
11,1181,1
11,1174,1
13,5209,1
11,1109,1
11,1108,1
13,5218,1
11,1106,1
11,1104,1
11,587,1
13,5230,1
13,5234,1
13,5239,1
11,1080,1
13,5259,1
11,1067,1
11,1053,1
13,5261,1
11,1098,1
11,1494,1
13,5046,1
13,5064,1
11,1451,1
11,1425,1
13,5085,1
13,5178,1
11,1295,1
11,1294,1
11,1293,1
11,1289,1
11,1242,1
13,5198,1
13,5200,1
13,5161,1
11,797,1
11,788,1
11,783,1
13,5324,1
11,759,1
11,739,1
11,730,1
11,728,1
13,5325,1
13,5266,1
13,5341,1
11,688,1
11,666,1
13,5343,1
13,5366,1
13,5339,1
11,1026,1
11,1025,1
13,5275,1
11,1024,1
11,1022,1
11,1014,1
13,5282,1
11,1001,1
11,997,1
13,5320,1
13,5296,1
13,5305,1
11,958,1
13,5313,1
13,5316,1
11,982,1
10,5822,1
10,5794,1
10,5793,1
10,5767,1
10,5758,1
10,5757,1
10,5750,1
13,6354,1
13,5806,1
10,5687,1
13,6361,1
13,6373,1
13,6381,1
10,5670,1
13,6396,1
13,6434,1
13,6457,1
10,5957,1
10,5954,1
13,6125,1
13,6137,1
13,6152,1
13,6202,1
13,6213,1
13,6224,1
13,6333,1
10,5891,1
13,6249,1
13,6252,1
10,5888,1
13,6253,1
13,6301,1
10,5846,1
13,6319,1
13,6228,1
14,249,1
14,256,1
10,5408,1
10,5399,1
10,5370,1
10,5668,1
10,5309,1
10,5299,1
14,412,1
14,511,1
10,5217,1
10,5200,1
10,5664,1
10,5652,1
10,5647,1
13,6481,1
10,5627,1
10,5626,1
10,5489,1
10,5585,1
13,6501,1
14,62,1
14,189,1
10,5532,1
14,211,1
10,5523,1
10,5493,1
10,5599,1
13,5900,1
13,5909,1
10,6504,1
10,6470,1
10,6431,1
10,6382,1
13,5949,1
10,5967,1
13,5962,1
13,5966,1
10,6240,1
13,5976,1
10,6221,1
10,6371,1
13,5809,1
11,104,1
13,5811,1
13,5815,1
13,5829,1
13,5832,1
11,101,1
13,5891,1
13,5860,1
13,5865,1
13,5866,1
13,5888,1
10,6159,1
13,6060,1
10,6155,1
13,6064,1
10,6127,1
10,6126,1
10,6120,1
13,5981,1
13,6094,1
10,6092,1
10,6087,1
10,6070,1
10,6057,1
13,6106,1
13,6122,1
10,6043,1
13,6093,1
10,6220,1
10,6219,1
10,6217,1
13,5982,1
13,5989,1
13,5991,1
10,6197,1
13,6013,1
13,6037,1
13,6015,1
13,6016,1
13,6019,1
10,6187,1
10,6182,1
10,6173,1
10,6160,1
10,6192,1
13,3915,1
11,3839,1
11,3838,1
11,3808,1
11,3734,1
11,3733,1
11,1512,1
11,3677,1
13,3969,1
13,3970,1
13,3980,1
13,3817,1
13,3835,1
13,3836,1
11,3866,1
13,3847,1
13,3859,1
13,3898,1
13,3860,1
13,3868,1
11,3861,1
13,3887,1
11,3857,1
11,3856,1
13,4079,1
11,3371,1
11,3370,1
11,3363,1
13,4096,1
13,4110,1
13,4113,1
11,3339,1
13,3982,1
11,3177,1
13,4123,1
13,4130,1
13,4144,1
13,4175,1
13,4179,1
11,3082,1
13,3983,1
11,3537,1
13,3988,1
11,3515,1
11,3466,1
13,3992,1
11,3373,1
11,3412,1
11,3399,1
13,4032,1
13,4035,1
13,4040,1
13,4067,1
11,3375,1
13,4020,1
11,4366,1
11,4328,1
13,3443,1
13,3456,1
13,3484,1
13,3500,1
13,3511,1
11,3874,1
13,3547,1
11,4229,1
11,4221,1
13,3591,1
11,4192,1
11,4181,1
11,4179,1
13,3530,1
13,3256,1
13,3308,1
13,3335,1
13,3372,1
13,3386,1
13,3388,1
13,3399,1
13,3411,1
11,4421,1
11,4488,1
11,4486,1
13,3424,1
11,4448,1
11,4443,1
13,3428,1
11,4439,1
11,4432,1
11,4495,1
13,3673,1
13,3700,1
13,3715,1
11,4147,1
11,3935,1
13,3753,1
11,3898,1
11,3890,1
13,3787,1
11,3875,1
13,3730,1
11,4145,1
13,3593,1
11,4053,1
13,3618,1
13,3628,1
13,3634,1
13,3635,1
13,3643,1
11,3994,1
11,3991,1
11,3990,1
13,3647,1
11,3970,1
11,3961,1
11,3992,1
11,2160,1
11,2152,1
11,2151,1
13,4776,1
11,2143,1
13,4779,1
11,2067,1
13,4783,1
11,2065,1
11,2060,1
13,4791,1
13,4794,1
11,2035,1
11,2034,1
13,4801,1
13,4807,1
11,2024,1
13,4785,1
11,2372,1
11,2365,1
11,2337,1
11,2336,1
11,2313,1
11,2278,1
11,2270,1
11,2228,1
11,2208,1
13,4768,1
11,2188,1
13,4775,1
11,1723,1
13,4902,1
11,1701,1
13,4914,1
11,1689,1
13,4919,1
11,1672,1
13,4983,1
11,1648,1
13,4992,1
13,4995,1
11,1596,1
13,4996,1
13,5015,1
13,5021,1
11,1544,1
11,1536,1
11,2008,1
13,4837,1
11,1997,1
13,4838,1
13,4844,1
11,1940,1
11,1934,1
13,4850,1
11,1761,1
11,1887,1
13,4853,1
11,1823,1
13,4862,1
13,4863,1
11,1821,1
11,1811,1
11,1795,1
11,1890,1
11,2929,1
11,2928,1
11,2925,1
13,4402,1
13,4429,1
13,4432,1
11,2899,1
13,4680,1
13,4447,1
11,2817,1
11,2811,1
13,4464,1
11,2694,1
11,2675,1
11,2861,1
11,3058,1
13,4213,1
11,3049,1
13,4224,1
13,4225,1
13,4230,1
13,4236,1
13,4350,1
11,3020,1
13,4323,1
13,4331,1
11,2945,1
13,4339,1
11,2940,1
11,3021,1
13,4600,1
11,2497,1
11,2490,1
11,2481,1
11,2465,1
11,2460,1
11,2456,1
11,2453,1
13,4486,1
11,2451,1
13,4639,1
11,2409,1
13,4654,1
13,4659,1
11,2381,1
13,4671,1
13,4608,1
13,4492,1
11,2635,1
13,4499,1
11,2614,1
13,4500,1
11,2594,1
11,2590,1
11,2552,1
13,4521,1
13,4595,1
11,2548,1
11,2543,1
11,2533,1
13,4560,1
13,4581,1
13,4582,1
3,4577,1
3,4545,1
3,4538,1
3,4529,1
3,4502,1
3,4478,1
3,4477,1
3,4453,1
15,6062,1
3,4421,1
3,4405,1
3,4373,1
3,4332,1
3,4325,1
3,4297,1
3,4276,1
3,4272,1
3,4268,1
3,4213,1
3,4175,1
3,4165,1
3,4443,1
3,4986,1
3,4974,1
3,4916,1
3,4905,1
3,4889,1
3,4866,1
3,4850,1
3,4841,1
3,4833,1
3,4790,1
3,4773,1
3,4760,1
3,4741,1
3,4740,1
3,4677,1
3,4676,1
3,4665,1
3,4658,1
3,4651,1
3,4641,1
3,4604,1
3,4598,1
3,4819,1
3,3728,1
3,3725,1
3,3715,1
3,3706,1
3,3635,1
3,3634,1
3,3598,1
3,3594,1
3,3593,1
3,3592,1
3,3545,1
3,4129,1
3,3496,1
3,3476,1
3,3460,1
3,3452,1
3,3443,1
3,3397,1
3,3396,1
3,3370,1
3,3340,1
3,3510,1
3,4125,1
3,4124,1
3,4111,1
3,4089,1
3,4081,1
3,4064,1
3,4060,1
3,4053,1
3,4036,1
3,4033,1
3,4004,1
3,3953,1
3,3952,1
3,3744,1
3,3885,1
3,3883,1
3,3875,1
3,3845,1
3,3840,1
3,3803,1
3,3753,1
3,6203,1
3,6201,1
3,6200,1
3,6188,1
3,6157,1
3,6138,1
3,6137,1
3,6118,1
3,6059,1
3,6044,1
3,6040,1
3,4991,1
3,5961,1
3,5949,1
3,5921,1
3,5920,1
3,5903,1
3,5829,1
3,5794,1
3,5720,1
3,5716,1
3,5711,1
3,5706,1
3,6023,1
4,213,1
4,175,1
4,151,1
4,113,1
4,107,1
4,104,1
4,93,1
3,6243,1
3,6500,1
3,6463,1
3,6376,1
3,6366,1
3,6365,1
3,6354,1
3,6335,1
3,6333,1
3,6261,1
3,5333,1
3,5275,1
3,5273,1
3,5262,1
3,5251,1
3,5233,1
3,5227,1
3,5205,1
3,5182,1
3,5151,1
3,5704,1
3,5146,1
3,5143,1
3,5136,1
3,5062,1
3,5054,1
3,5048,1
3,5036,1
3,5029,1
3,5021,1
3,5001,1
3,5150,1
3,5689,1
3,5685,1
3,5667,1
3,5653,1
3,5646,1
3,5587,1
3,5583,1
3,5580,1
3,5539,1
3,5524,1
3,5338,1
3,5515,1
3,5478,1
3,5467,1
3,5465,1
3,5463,1
3,5455,1
3,5454,1
3,5448,1
3,5434,1
3,5419,1
3,5411,1
3,5368,1
3,5341,1
3,5522,1
3,1247,1
3,1244,1
3,1243,1
3,1235,1
3,1234,1
3,1221,1
3,1217,1
3,1214,1
3,1202,1
3,3339,1
3,1193,1
3,1187,1
3,1165,1
3,1127,1
3,1112,1
3,1084,1
3,1056,1
3,1052,1
3,1023,1
3,1020,1
3,1018,1
3,1925,1
3,1891,1
3,1869,1
3,1752,1
3,1730,1
3,1729,1
3,1721,1
3,1709,1
3,1669,1
3,1666,1
3,1662,1
3,1652,1
3,1248,1
3,1596,1
3,1553,1
3,1487,1
3,1434,1
3,1422,1
3,1417,1
3,1367,1
3,1297,1
3,1291,1
3,1266,1
3,1252,1
3,1624,1
3,745,1
3,732,1
3,731,1
3,698,1
3,694,1
3,692,1
3,668,1
3,658,1
3,620,1
3,619,1
3,576,1
3,574,1
3,573,1
3,569,1
3,565,1
3,564,1
3,560,1
3,550,1
3,548,1
3,545,1
3,544,1
3,541,1
3,540,1
3,572,1
3,1013,1
3,1002,1
3,997,1
3,985,1
3,982,1
3,980,1
3,978,1
3,970,1
3,964,1
3,879,1
3,875,1
3,756,1
3,847,1
3,835,1
3,819,1
3,818,1
3,810,1
3,807,1
3,778,1
3,764,1
3,763,1
3,761,1
3,2926,1
3,2874,1
3,2862,1
3,2861,1
3,2837,1
3,2827,1
3,2825,1
3,2805,1
3,2782,1
3,1950,1
3,2773,1
3,2710,1
3,2703,1
3,2700,1
3,2683,1
3,2680,1
3,2655,1
3,3270,1
3,3253,1
3,3241,1
3,3238,1
3,3235,1
3,3231,1
3,3211,1
3,3200,1
3,3193,1
3,3191,1
3,3188,1
3,3158,1
3,3084,1
3,3071,1
3,3041,1
3,3039,1
3,3022,1
3,3015,1
3,2991,1
3,2945,1
3,3098,1
3,2146,1
3,2132,1
3,2094,1
3,2075,1
3,2074,1
3,2067,1
3,2063,1
3,2061,1
3,2032,1
3,2643,1
3,2030,1
3,2019,1
3,2005,1
3,1991,1
3,1989,1
3,1966,1
3,1963,1
3,1961,1
3,2031,1
3,2617,1
3,2575,1
3,2573,1
3,2526,1
3,2507,1
3,2488,1
3,2460,1
3,2452,1
3,2184,1
3,2442,1
3,2441,1
3,2437,1
3,2436,1
3,2431,1
3,2424,1
3,2421,1
3,2402,1
3,2295,1
3,2291,1
3,2238,1
3,2224,1
3,2448,1
5,21,1
5,14,1
5,1,1
4,6387,1
4,6353,1
4,6340,1
4,6336,1
4,6289,1
4,6286,1
4,6273,1
4,6270,1
4,218,1
4,6257,1
4,6226,1
4,6224,1
4,6137,1
4,6102,1
4,6061,1
4,6043,1
4,6017,1
4,6013,1
5,778,1
5,673,1
5,671,1
5,611,1
5,455,1
5,435,1
5,391,1
5,386,1
5,360,1
5,277,1
5,28,1
5,241,1
5,230,1
5,215,1
5,212,1
5,200,1
5,189,1
5,155,1
5,107,1
5,87,1
5,244,1
4,5271,1
4,5256,1
4,5248,1
4,5233,1
4,5177,1
4,5168,1
4,5167,1
4,5155,1
4,5138,1
4,5991,1
4,5096,1
4,5085,1
4,5027,1
4,5021,1
4,5000,1
4,4999,1
4,4983,1
4,4971,1
4,4881,1
4,4865,1
4,5108,1
4,5989,1
4,5972,1
4,5961,1
4,5901,1
4,5860,1
4,5847,1
4,5818,1
4,5798,1
4,5788,1
4,5285,1
4,5713,1
4,5661,1
4,5579,1
4,5491,1
4,5453,1
4,5410,1
4,5377,1
4,5372,1
4,5323,1
4,5322,1
4,5320,1
4,5724,1
5,3694,1
5,3671,1
5,3635,1
5,3594,1
5,3552,1
5,3550,1
5,3539,1
5,3537,1
5,3523,1
5,3522,1
5,3520,1
5,783,1
5,3470,1
5,3390,1
5,3272,1
5,3219,1
5,3204,1
5,3038,1
5,3029,1
5,3517,1
5,4651,1
5,4622,1
5,4609,1
5,4608,1
5,4598,1
5,4503,1
5,4502,1
5,4487,1
5,4467,1
5,3898,1
5,4465,1
5,4423,1
5,4328,1
5,4326,1
5,4206,1
5,4150,1
5,3982,1
5,3935,1
5,4466,1
5,1827,1
5,1817,1
5,1596,1
5,1572,1
5,1545,1
5,1414,1
5,1411,1
5,1333,1
5,1301,1
5,2860,1
5,1267,1
5,1265,1
5,1248,1
5,1117,1
5,1089,1
5,1087,1
5,1081,1
5,1068,1
5,1057,1
5,2857,1
5,2854,1
5,2812,1
5,2805,1
5,2804,1
5,2694,1
5,2614,1
5,2606,1
5,2143,1
5,2463,1
5,2462,1
5,2433,1
5,2417,1
5,2416,1
5,2387,1
5,2308,1
5,2305,1
5,2299,1
5,2287,1
5,2209,1
4,1823,1
4,1772,1
4,1727,1
4,1713,1
4,1683,1
4,1673,1
4,1648,1
4,1604,1
4,4841,1
4,1476,1
4,1454,1
4,1422,1
4,1387,1
4,1324,1
4,1295,1
4,1238,1
4,1237,1
4,1235,1
4,1230,1
4,1542,1
4,2365,1
4,2361,1
4,2351,1
4,2343,1
4,2341,1
4,2324,1
4,2247,1
4,2225,1
4,2214,1
4,2140,1
4,1935,1
4,2096,1
4,2072,1
4,2068,1
4,2067,1
4,2060,1
4,2033,1
4,1996,1
4,1971,1
4,1942,1
4,1939,1
4,2099,1
4,550,1
4,536,1
4,505,1
4,490,1
4,453,1
4,433,1
4,413,1
4,389,1
4,383,1
4,308,1
4,1108,1
4,302,1
4,294,1
4,291,1
4,287,1
4,277,1
4,270,1
4,266,1
4,261,1
4,256,1
4,1090,1
4,1089,1
4,1087,1
4,1081,1
4,1060,1
4,1034,1
4,1013,1
4,1009,1
4,1001,1
4,973,1
4,971,1
4,851,1
4,783,1
4,697,1
4,664,1
4,661,1
4,659,1
4,643,1
4,587,1
4,583,1
4,912,1
4,4421,1
4,4376,1
4,4364,1
4,4316,1
4,4277,1
4,4243,1
4,4221,1
4,4206,1
4,4101,1
4,2374,1
4,4036,1
4,3994,1
4,3992,1
4,3991,1
4,3985,1
4,3935,1
4,3901,1
4,3873,1
4,4064,1
4,4813,1
4,4792,1
4,4775,1
4,4771,1
4,4742,1
4,4665,1
4,4659,1
4,4656,1
4,4652,1
4,4447,1
4,4647,1
4,4614,1
4,4604,1
4,4538,1
4,4537,1
4,4506,1
4,4501,1
4,4500,1
4,4493,1
4,4477,1
4,3084,1
4,3060,1
4,3057,1
4,3055,1
4,2993,1
4,2961,1
4,2863,1
4,2807,1
4,2766,1
4,3870,1
4,2592,1
4,2576,1
4,2507,1
4,2466,1
4,2465,1
4,2451,1
4,2433,1
4,2387,1
4,2654,1
4,3838,1
4,3818,1
4,3740,1
4,3737,1
4,3594,1
4,3554,1
4,3473,1
4,3470,1
4,3449,1
4,3136,1
4,3429,1
4,3394,1
4,3382,1
4,3377,1
4,3339,1
4,3336,1
4,3261,1
4,3254,1
4,3163,1
4,3149,1
4,3443,1
1,4521,1
1,4516,1
1,4514,1
1,4513,1
1,4511,1
1,4486,1
1,4457,1
1,4443,1
1,4433,1
1,4432,1
1,4421,1
3,539,1
1,4389,1
1,4328,1
1,4259,1
1,4241,1
1,4239,1
1,4221,1
1,4393,1
1,4767,1
1,4760,1
1,4749,1
1,4748,1
1,4734,1
1,4725,1
1,4527,1
1,4679,1
1,4663,1
1,4608,1
1,4601,1
1,4600,1
1,4564,1
1,4559,1
1,4550,1
1,4538,1
1,3701,1
1,3686,1
1,3682,1
1,3628,1
1,3569,1
1,3555,1
1,3521,1
1,3513,1
1,3465,1
1,4036,1
1,3459,1
1,3455,1
1,3440,1
1,3439,1
1,3424,1
1,3421,1
1,3398,1
1,3381,1
1,3370,1
1,3366,1
1,3363,1
1,4011,1
1,3983,1
1,3978,1
1,3957,1
1,3898,1
1,3886,1
1,3874,1
1,3871,1
1,3860,1
1,3856,1
1,3838,1
1,3835,1
1,3766,1
1,3728,1
1,3725,1
1,6249,1
1,6243,1
1,6224,1
1,6190,1
1,6173,1
1,6138,1
1,6119,1
1,6103,1
1,4823,1
1,6025,1
1,5997,1
1,5933,1
1,5903,1
1,5889,1
1,5818,1
1,5807,1
1,5795,1
1,5788,1
1,6034,1
2,305,1
2,275,1
2,270,1
2,256,1
2,194,1
2,193,1
2,176,1
2,151,1
2,148,1
2,53,1
2,32,1
1,6400,1
2,1,1
1,6494,1
1,6487,1
1,6482,1
1,6480,1
1,6462,1
1,6455,1
1,6452,1
2,31,1
1,5184,1
1,5179,1
1,5178,1
1,5168,1
1,5167,1
1,5164,1
1,5144,1
1,5091,1
1,5090,1
1,5076,1
1,5031,1
1,5029,1
1,5014,1
1,4954,1
1,4927,1
1,4894,1
1,4892,1
1,4881,1
1,4860,1
1,4855,1
1,5086,1
1,5650,1
1,5636,1
1,5633,1
1,5607,1
1,5600,1
1,5532,1
1,5520,1
1,5448,1
1,5334,1
1,5320,1
1,5308,1
1,5288,1
1,5287,1
1,5285,1
1,5283,1
1,5276,1
1,5273,1
1,5265,1
1,5249,1
1,5236,1
1,5232,1
1,5226,1
1,5215,1
1,5213,1
1,5212,1
1,925,1
1,875,1
1,855,1
1,837,1
1,827,1
1,792,1
1,781,1
1,745,1
1,738,1
1,728,1
1,667,1
1,662,1
1,659,1
1,651,1
1,643,1
1,573,1
1,569,1
1,568,1
1,566,1
1,562,1
1,677,1
1,1276,1
1,1244,1
1,1181,1
1,1135,1
1,1129,1
1,1100,1
1,1087,1
1,1081,1
1,926,1
1,1059,1
1,1042,1
1,1033,1
1,1022,1
1,1014,1
1,1001,1
1,989,1
1,976,1
1,975,1
1,968,1
1,927,1
1,1065,1
1,296,1
15,6473,1
15,6461,1
15,6459,1
15,6458,1
15,6456,1
15,6386,1
15,6364,1
15,6312,1
15,6309,1
15,6242,1
15,6218,1
15,6173,1
15,6168,1
15,6167,1
15,6147,1
15,6136,1
15,6105,1
15,6094,1
15,6089,1
15,6477,1
1,152,1
15,6308,1
1,524,1
1,519,1
1,477,1
1,449,1
1,435,1
1,433,1
1,298,1
1,418,1
1,410,1
1,404,1
1,383,1
1,352,1
1,349,1
1,344,1
1,300,1
1,2920,1
1,2918,1
1,2805,1
1,2792,1
1,2713,1
1,2705,1
1,2687,1
1,2661,1
1,2651,1
1,1293,1
1,2647,1
1,2635,1
1,2618,1
1,2590,1
1,2550,1
1,2548,1
1,2529,1
1,2522,1
1,2498,1
1,2479,1
1,2470,1
1,2650,1
1,3339,1
1,3329,1
1,3246,1
1,3238,1
1,3212,1
1,3205,1
1,3171,1
1,3154,1
1,3116,1
1,3097,1
1,2948,1
1,3033,1
1,3006,1
1,3001,1
1,2997,1
1,2994,1
1,2989,1
1,2986,1
1,2979,1
1,3076,1
1,1878,1
1,1873,1
1,1804,1
1,1752,1
1,1730,1
1,1697,1
1,1671,1
1,1669,1
1,1653,1
1,1648,1
1,1638,1
1,1608,1
1,1583,1
1,2453,1
1,1542,1
1,1526,1
1,1499,1
1,1422,1
1,1364,1
1,1358,1
1,1354,1
1,1321,1
1,1313,1
1,1550,1
1,2419,1
1,2386,1
1,2377,1
1,2368,1
1,2351,1
1,2273,1
1,2220,1
1,2210,1
1,2150,1
1,2133,1
1,2122,1
1,1906,1
1,2081,1
1,2073,1
1,2071,1
1,2044,1
1,2026,1
1,2014,1
1,2003,1
1,1996,1
1,1987,1
1,1967,1
1,1960,1
1,1943,1
1,1938,1
1,2096,1
2,5413,1
2,5406,1
2,5370,1
2,5178,1
2,5177,1
2,5025,1
2,5021,1
2,4965,1
2,365,1
2,4892,1
2,4864,1
2,4821,1
2,4709,1
2,4689,1
2,4670,1
2,4649,1
2,4645,1
2,4644,1
2,4918,1
2,5573,1
2,5572,1
2,5530,1
2,5510,1
2,5496,1
2,5466,1
2,5462,1
2,5452,1
2,5446,1
2,5438,1
2,5415,1
2,5435,1
2,5433,1
2,5431,1
2,5430,1
2,5429,1
2,5427,1
2,5420,1
2,5417,1
2,5436,1
2,4083,1
2,4079,1
2,4076,1
2,4071,1
2,4070,1
2,4069,1
2,4066,1
2,4059,1
2,4633,1
2,4054,1
2,4043,1
2,4036,1
2,4028,1
2,3964,1
2,3907,1
2,4058,1
2,4566,1
2,4556,1
2,4540,1
2,4535,1
2,4509,1
2,4447,1
2,4421,1
2,4416,1
2,4373,1
2,4372,1
2,4084,1
2,4324,1
2,4285,1
2,4281,1
2,4217,1
2,4215,1
2,4213,1
2,4204,1
2,4190,1
2,4189,1
2,4151,1
2,4370,1
3,272,1
3,271,1
3,264,1
3,263,1
3,234,1
3,162,1
3,160,1
3,158,1
3,154,1
2,5604,1
3,143,1
3,142,1
3,141,1
3,125,1
3,121,1
3,112,1
3,95,1
3,94,1
3,88,1
3,87,1
3,82,1
3,152,1
3,535,1
3,532,1
3,529,1
3,528,1
3,522,1
3,520,1
3,484,1
3,477,1
3,459,1
3,453,1
3,275,1
3,448,1
3,447,1
3,413,1
3,387,1
3,347,1
3,305,1
3,294,1
3,291,1
3,286,1
3,277,1
2,6036,1
2,5954,1
2,5935,1
2,5928,1
2,5925,1
2,5910,1
2,5891,1
2,5869,1
2,5788,1
2,5785,1
2,5755,1
2,5737,1
2,5691,1
2,5678,1
2,5673,1
2,5671,1
2,5670,1
2,5667,1
2,5665,1
2,5656,1
2,5651,1
2,5648,1
2,5646,1
2,5765,1
3,49,1
3,32,1
3,5,1
3,1,1
2,6493,1
2,6375,1
2,6309,1
2,6282,1
2,6196,1
2,6195,1
2,6172,1
2,6171,1
2,6157,1
2,6154,1
2,6137,1
2,6124,1
2,6120,1
2,6119,1
2,6071,1
2,6068,1
2,6067,1
2,6063,1
2,6192,1
2,1590,1
2,1589,1
2,1588,1
2,1579,1
2,1578,1
2,1571,1
2,1570,1
2,1565,1
2,1561,1
2,1560,1
2,1535,1
2,1534,1
2,1533,1
2,3870,1
2,1530,1
2,1528,1
2,1525,1
2,1513,1
2,1510,1
2,1504,1
2,1502,1
2,1497,1
2,1496,1
2,1495,1
2,1493,1
2,1531,1
2,1665,1
2,1664,1
2,1659,1
2,1657,1
2,1656,1
2,1652,1
2,1651,1
2,1646,1
2,1645,1
2,1644,1
2,1641,1
2,1592,1
2,1639,1
2,1637,1
2,1636,1
2,1627,1
2,1626,1
2,1624,1
2,1617,1
2,1615,1
2,1606,1
2,1597,1
2,1640,1
2,1157,1
2,1029,1
2,1026,1
2,1021,1
2,968,1
2,846,1
2,844,1
2,842,1
2,817,1
2,783,1
2,778,1
2,643,1
2,1492,1
2,631,1
2,628,1
2,625,1
2,622,1
2,621,1
2,620,1
2,550,1
2,546,1
2,522,1
2,520,1
2,513,1
2,413,1
2,635,1
2,1489,1
2,1486,1
2,1482,1
2,1480,1
2,1479,1
2,1467,1
2,1464,1
2,1461,1
2,1456,1
2,1442,1
2,1435,1
2,1170,1
2,1427,1
2,1426,1
2,1425,1
2,1422,1
2,1419,1
2,1313,1
2,1311,1
2,1294,1
2,1207,1
2,1203,1
2,1182,1
2,1431,1
2,3064,1
2,3022,1
2,2932,1
2,2809,1
2,2778,1
2,2762,1
2,2753,1
2,2745,1
2,2744,1
2,2741,1
2,2692,1
2,1668,1
2,2686,1
2,2684,1
2,2677,1
2,2629,1
2,2624,1
2,2600,1
2,2570,1
2,2542,1
2,2541,1
2,2516,1
2,2687,1
2,3808,1
2,3751,1
2,3744,1
2,3711,1
2,3642,1
2,3622,1
2,3605,1
2,3596,1
2,3459,1
2,3451,1
2,3449,1
2,3445,1
2,3348,1
2,3339,1
2,3320,1
2,3308,1
2,3292,1
2,3234,1
2,3180,1
2,1744,1
2,1739,1
2,1738,1
2,1737,1
2,1736,1
2,1735,1
2,1734,1
2,1731,1
2,1725,1
2,1700,1
2,1698,1
2,1694,1
2,2514,1
2,1691,1
2,1688,1
2,1687,1
2,1686,1
2,1684,1
2,1681,1
2,1680,1
2,1679,1
2,1678,1
2,1677,1
2,1671,1
2,1693,1
2,2465,1
2,2442,1
2,2409,1
2,2400,1
2,2296,1
2,2249,1
2,2231,1
2,2176,1
2,2172,1
2,1748,1
2,2125,1
2,2103,1
2,2073,1
2,2059,1
2,2018,1
2,2016,1
2,2011,1
2,2009,1
2,2001,1
2,1971,1
2,1949,1
2,1750,1
8,1560,1
8,1548,1
8,1494,1
8,1424,1
8,1408,1
8,1407,1
8,1369,1
8,1363,1
8,1358,1
8,1356,1
8,1240,1
8,1191,1
8,1172,1
8,1169,1
8,1108,1
8,1092,1
8,1087,1
8,1071,1
8,1068,1
8,1324,1
8,2138,1
8,2100,1
8,2096,1
8,2057,1
8,2037,1
8,2035,1
8,2022,1
8,2018,1
8,1986,1
8,1983,1
8,1970,1
8,1954,1
8,1934,1
8,1882,1
8,1879,1
8,1853,1
8,1828,1
8,1800,1
8,1706,1
8,1669,1
8,1631,1
8,1985,1
8,569,1
8,550,1
8,501,1
8,490,1
8,481,1
8,373,1
8,344,1
8,1052,1
8,335,1
8,304,1
8,298,1
8,292,1
8,288,1
8,286,1
8,232,1
8,228,1
8,223,1
8,152,1
8,343,1
8,1051,1
8,1014,1
8,1009,1
8,973,1
8,972,1
8,957,1
8,925,1
8,876,1
8,870,1
8,836,1
8,817,1
8,801,1
8,794,1
8,736,1
8,728,1
8,720,1
8,697,1
8,671,1
8,666,1
8,665,1
8,609,1
8,598,1
8,3343,1
8,3339,1
8,3312,1
8,3293,1
8,3272,1
8,3257,1
8,3226,1
8,3140,1
8,3132,1
8,2147,1
8,3078,1
8,3077,1
8,3060,1
8,3059,1
8,3058,1
8,3049,1
8,3006,1
8,3004,1
8,2979,1
8,2969,1
8,2967,1
8,2961,1
8,3119,1
8,3728,1
8,3702,1
8,3683,1
8,3677,1
8,3641,1
8,3628,1
8,3585,1
8,3562,1
8,3560,1
8,3559,1
8,3555,1
8,3537,1
8,3530,1
8,3515,1
8,3456,1
8,3435,1
8,3412,1
8,3363,1
8,3360,1
8,3551,1
8,2473,1
8,2464,1
8,2394,1
8,2388,1
8,2387,1
8,2365,1
8,2328,1
8,2314,1
8,2313,1
8,2295,1
8,2252,1
8,2244,1
8,2211,1
8,2195,1
8,2171,1
8,2152,1
8,2149,1
8,2953,1
8,2945,1
8,2917,1
8,2914,1
8,2885,1
8,2816,1
8,2804,1
8,2774,1
8,2765,1
8,2718,1
8,2705,1
8,2665,1
8,2659,1
8,2646,1
8,2637,1
8,2614,1
8,2612,1
8,2548,1
8,2717,1
7,5255,1
7,5250,1
7,5235,1
7,5232,1
7,5230,1
7,5223,1
7,5188,1
7,5179,1
7,5167,1
7,5157,1
8,146,1
7,5150,1
7,5147,1
7,5121,1
7,5112,1
7,5079,1
7,5057,1
7,5012,1
7,4993,1
7,5155,1
7,5388,1
7,5387,1
7,5386,1
7,5383,1
7,5380,1
7,5379,1
7,5375,1
7,5374,1
7,5371,1
7,5354,1
7,5348,1
7,5258,1
7,5345,1
7,5343,1
7,5322,1
7,5320,1
7,5319,1
7,5314,1
7,5310,1
7,5303,1
7,5292,1
7,5273,1
7,5270,1
7,5265,1
7,5346,1
7,4725,1
7,4706,1
7,4669,1
7,4657,1
7,4651,1
7,4646,1
7,4638,1
7,4604,1
7,4902,1
7,4601,1
7,4595,1
7,4587,1
7,4564,1
7,4539,1
7,4521,1
7,4504,1
7,4502,1
7,4486,1
7,4440,1
7,4430,1
7,4422,1
7,4896,1
7,4895,1
7,4891,1
7,4868,1
7,4822,1
7,4808,1
7,4793,1
7,4791,1
7,4732,1
7,4786,1
7,4774,1
7,4771,1
7,4769,1
7,4766,1
7,4761,1
7,4760,1
7,4746,1
7,4744,1
7,4742,1
7,4788,1
7,6311,1
7,6300,1
7,6288,1
7,6259,1
7,6256,1
7,6229,1
7,6174,1
7,6136,1
7,6122,1
7,6109,1
7,6087,1
7,5389,1
7,6045,1
7,6037,1
7,6033,1
7,6030,1
7,6029,1
7,6028,1
7,6027,1
7,6013,1
7,6002,1
7,6086,1
8,122,1
8,104,1
8,99,1
8,94,1
8,49,1
7,6480,1
7,6477,1
7,6469,1
7,6466,1
7,6443,1
7,6437,1
7,6394,1
7,6393,1
7,6388,1
7,6385,1
7,6384,1
7,6355,1
7,6340,1
7,6334,1
7,6327,1
7,6467,1
7,5583,1
7,5577,1
7,5576,1
7,5574,1
7,5569,1
7,5548,1
7,5543,1
7,5539,1
7,5533,1
7,5505,1
7,5477,1
7,5469,1
7,5459,1
7,5992,1
7,5445,1
7,5444,1
7,5439,1
7,5436,1
7,5394,1
7,5393,1
7,5392,1
7,5453,1
7,5967,1
7,5949,1
7,5922,1
7,5889,1
7,5870,1
7,5862,1
7,5837,1
7,5829,1
7,5826,1
7,5819,1
7,5605,1
7,5806,1
7,5795,1
7,5793,1
7,5785,1
7,5745,1
7,5732,1
7,5713,1
7,5698,1
7,5641,1
7,5810,1
9,1115,1
9,1111,1
9,1109,1
9,1068,1
9,1021,1
9,1001,1
9,996,1
9,992,1
9,987,1
9,964,1
9,962,1
8,3732,1
9,919,1
9,917,1
9,915,1
9,872,1
9,862,1
9,726,1
9,721,1
9,936,1
9,1466,1
9,1459,1
9,1440,1
9,1429,1
9,1406,1
9,1405,1
9,1386,1
9,1138,1
9,1357,1
9,1309,1
9,1260,1
9,1259,1
9,1256,1
9,1250,1
9,1237,1
9,1196,1
9,1176,1
9,1155,1
9,1375,1
9,443,1
9,438,1
9,434,1
9,406,1
9,393,1
9,368,1
9,313,1
9,299,1
9,290,1
9,286,1
9,280,1
9,703,1
9,268,1
9,251,1
9,247,1
9,246,1
9,242,1
9,230,1
9,219,1
9,174,1
9,173,1
9,171,1
9,692,1
9,683,1
9,680,1
9,678,1
9,661,1
9,657,1
9,656,1
9,655,1
9,654,1
9,653,1
9,649,1
9,640,1
9,637,1
9,567,1
9,563,1
9,556,1
9,551,1
9,547,1
9,545,1
9,542,1
9,526,1
9,490,1
9,480,1
9,638,1
9,2277,1
9,2262,1
9,2258,1
9,2255,1
9,2221,1
9,2174,1
9,2171,1
9,2145,1
9,1469,1
9,2136,1
9,2135,1
9,2101,1
9,2084,1
9,2083,1
9,2046,1
9,2045,1
9,2043,1
9,2042,1
9,2142,1
9,2647,1
9,2620,1
9,2616,1
9,2590,1
9,2545,1
9,2538,1
9,2500,1
9,2494,1
9,2491,1
9,2489,1
9,2483,1
9,2466,1
9,2460,1
9,2449,1
9,2433,1
9,2422,1
9,2418,1
9,2405,1
9,2403,1
9,2387,1
9,2332,1
9,2295,1
9,2487,1
9,1572,1
9,1559,1
9,1557,1
9,1556,1
9,1554,1
9,1553,1
9,1542,1
9,1541,1
9,1532,1
9,1517,1
9,1515,1
9,1514,1
9,1508,1
9,1506,1
9,1505,1
9,1501,1
9,1488,1
9,1476,1
9,1524,1
9,2018,1
9,2004,1
9,1971,1
9,1960,1
9,1953,1
9,1952,1
9,1946,1
9,1945,1
9,1631,1
9,1903,1
9,1823,1
9,1809,1
9,1800,1
9,1794,1
9,1775,1
9,1774,1
9,1749,1
9,1745,1
9,1715,1
9,1712,1
9,1706,1
9,1911,1
8,4839,1
8,4837,1
8,4811,1
8,4803,1
8,4766,1
8,4742,1
8,4731,1
8,4725,1
8,4703,1
8,4702,1
8,4672,1
8,4611,1
9,165,1
8,4595,1
8,4589,1
8,4550,1
8,4548,1
8,4516,1
8,4515,1
8,4508,1
8,4500,1
8,4491,1
8,4608,1
8,5255,1
8,5238,1
8,5229,1
8,5207,1
8,5199,1
8,5179,1
8,5177,1
8,5168,1
8,5164,1
8,5086,1
8,5017,1
8,5000,1
8,4993,1
8,4915,1
8,4909,1
8,4908,1
8,4907,1
8,4892,1
8,4888,1
8,4079,1
8,4074,1
8,4073,1
8,4068,1
8,4036,1
8,4015,1
8,3990,1
8,3979,1
8,3978,1
8,3969,1
8,4490,1
8,3954,1
8,3926,1
8,3910,1
8,3907,1
8,3880,1
8,3871,1
8,3960,1
8,4485,1
8,4454,1
8,4443,1
8,4437,1
8,4399,1
8,4366,1
8,4329,1
8,4324,1
8,4299,1
8,4282,1
8,4280,1
8,4258,1
8,4241,1
8,4237,1
8,4219,1
8,4216,1
8,4202,1
8,4180,1
8,4110,1
8,4279,1
8,6486,1
8,6481,1
8,6478,1
8,6465,1
8,6404,1
8,6362,1
8,6357,1
8,6329,1
8,6326,1
8,6293,1
8,6282,1
8,6273,1
8,6256,1
8,6255,1
8,6251,1
8,6228,1
8,6145,1
8,6142,1
8,6139,1
8,6278,1
9,164,1
9,161,1
9,159,1
9,157,1
9,156,1
9,137,1
9,136,1
9,118,1
9,113,1
9,111,1
9,94,1
9,84,1
9,71,1
9,21,1
9,7,1
9,3,1
9,1,1
8,6497,1
8,5818,1
8,5785,1
8,5782,1
8,5732,1
8,5698,1
8,5635,1
8,5607,1
8,5569,1
8,5490,1
8,5469,1
8,5396,1
8,5390,1
8,5369,1
8,5367,1
8,5341,1
8,5320,1
8,5282,1
8,5598,1
8,6108,1
8,6106,1
8,6103,1
8,6102,1
8,6094,1
8,6083,1
8,6031,1
8,6030,1
8,5822,1
8,6006,1
8,6005,1
8,5998,1
8,5983,1
8,5978,1
8,5974,1
8,5973,1
8,5920,1
8,5909,1
8,5868,1
8,6013,1
6,2993,1
6,2978,1
6,2976,1
6,2957,1
6,2954,1
6,2934,1
7,4421,1
6,2861,1
6,2838,1
6,2814,1
6,2811,1
6,2793,1
6,2792,1
6,2764,1
6,2760,1
6,2917,1
6,3410,1
6,3400,1
6,3356,1
6,3340,1
6,3339,1
6,3336,1
6,3292,1
6,3212,1
6,3171,1
6,3006,1
6,3132,1
6,3102,1
6,3076,1
6,3071,1
6,3059,1
6,3058,1
6,3057,1
6,3033,1
6,3015,1
6,3009,1
6,3138,1
6,2406,1
6,2387,1
6,2372,1
6,2364,1
6,2343,1
6,2316,1
6,2260,1
6,2756,1
6,2209,1
6,2171,1
6,2138,1
6,2132,1
6,2099,1
6,2098,1
6,2093,1
6,2090,1
6,2214,1
6,2749,1
6,2691,1
6,2690,1
6,2687,1
6,2683,1
6,2675,1
6,2650,1
6,2649,1
6,2648,1
6,2645,1
6,2641,1
6,2433,1
6,2562,1
6,2553,1
6,2531,1
6,2523,1
6,2522,1
6,2517,1
6,2504,1
6,2501,1
6,2447,1
6,4725,1
6,4669,1
6,4605,1
6,4601,1
6,4583,1
6,4576,1
6,4564,1
6,4563,1
6,4550,1
6,4522,1
6,4508,1
6,4486,1
6,4418,1
6,4407,1
6,4364,1
6,4349,1
6,4335,1
6,4329,1
6,4328,1
6,4301,1
6,4283,1
6,4538,1
6,5140,1
6,5137,1
6,5136,1
6,5035,1
6,5015,1
6,5014,1
6,5000,1
6,4872,1
6,4869,1
6,4860,1
6,4727,1
6,4812,1
6,4787,1
6,4781,1
6,4775,1
6,4768,1
6,4764,1
6,4744,1
6,3764,1
6,3724,1
6,3702,1
6,3698,1
6,3693,1
6,3680,1
6,3679,1
6,4271,1
6,3601,1
6,3594,1
6,3567,1
6,3546,1
6,3538,1
6,3494,1
6,3470,1
6,3456,1
6,3449,1
6,3624,1
6,4270,1
6,4269,1
6,4221,1
6,4206,1
6,4191,1
6,4181,1
6,4136,1
6,4067,1
6,4036,1
6,4015,1
6,3982,1
6,3768,1
6,3972,1
6,3971,1
6,3906,1
6,3871,1
6,3864,1
6,3847,1
6,3824,1
6,3974,1
6,381,1
6,311,1
6,307,1
6,286,1
6,274,1
6,273,1
6,2082,1
6,266,1
6,265,1
6,263,1
6,251,1
6,249,1
6,245,1
6,236,1
6,234,1
6,223,1
6,193,1
6,167,1
6,166,1
6,270,1
6,724,1
6,715,1
6,677,1
6,671,1
6,670,1
6,658,1
6,615,1
6,608,1
6,432,1
6,527,1
6,508,1
6,507,1
6,470,1
6,468,1
6,449,1
6,569,1
5,5989,1
5,5976,1
5,5961,1
5,5876,1
5,5873,1
5,5793,1
5,5474,1
5,5449,1
5,5418,1
5,5340,1
5,5273,1
5,5249,1
5,5098,1
5,5021,1
5,4877,1
5,4836,1
5,4802,1
5,4790,1
5,5343,1
6,154,1
6,136,1
6,135,1
6,107,1
6,94,1
6,67,1
6,47,1
6,35,1
6,6,1
5,6456,1
5,6404,1
5,6324,1
5,6317,1
5,6259,1
5,6175,1
5,6137,1
5,6107,1
5,6013,1
6,5,1
6,1821,1
6,1807,1
6,1796,1
6,1778,1
6,1743,1
6,1668,1
6,1663,1
6,1582,1
6,1562,1
6,1552,1
6,725,1
6,1499,1
6,1460,1
6,1424,1
6,1422,1
6,1412,1
6,1407,1
6,1392,1
6,1366,1
6,1349,1
6,1295,1
6,1294,1
6,1510,1
6,2071,1
6,2066,1
6,2056,1
6,2041,1
6,2039,1
6,2008,1
6,1868,1
6,1979,1
6,1959,1
6,1954,1
6,1922,1
6,1912,1
6,1896,1
6,1893,1
6,1892,1
6,2000,1
6,1001,1
6,997,1
6,979,1
6,975,1
6,973,1
6,968,1
6,925,1
6,886,1
6,881,1
6,872,1
6,1289,1
6,833,1
6,827,1
6,816,1
6,805,1
6,804,1
6,803,1
6,786,1
6,780,1
6,779,1
6,762,1
6,757,1
6,745,1
6,855,1
6,1267,1
6,1254,1
6,1246,1
6,1236,1
6,1235,1
6,1232,1
6,1231,1
6,1204,1
6,1202,1
6,1190,1
6,1171,1
6,1165,1
6,1008,1
6,1075,1
6,1074,1
6,1072,1
6,1063,1
6,1060,1
6,1052,1
6,1022,1
6,1011,1
6,1009,1
7,2705,1
7,2687,1
7,2682,1
7,2667,1
7,2660,1
7,2647,1
7,2635,1
7,2614,1
6,5150,1
7,2590,1
7,2571,1
7,2555,1
7,2522,1
7,2515,1
7,2482,1
7,2475,1
7,2460,1
7,2455,1
7,2454,1
7,2451,1
7,2442,1
7,2429,1
7,2956,1
7,2955,1
7,2950,1
7,2936,1
7,2933,1
7,2930,1
7,2720,1
7,2861,1
7,2840,1
7,2838,1
7,2835,1
7,2812,1
7,2810,1
7,2804,1
7,2800,1
7,2785,1
7,2753,1
7,1971,1
7,1962,1
7,1954,1
7,1934,1
7,1915,1
7,1904,1
7,1879,1
7,1874,1
7,1858,1
7,1851,1
7,1826,1
7,1820,1
7,1800,1
7,2423,1
7,1687,1
7,1671,1
7,1637,1
7,1631,1
7,1625,1
7,1612,1
7,1605,1
7,1560,1
7,1520,1
7,1510,1
7,1499,1
7,1494,1
7,1491,1
7,1714,1
7,2409,1
7,2407,1
7,2361,1
7,2356,1
7,2280,1
7,2239,1
7,2133,1
7,2127,1
7,2084,1
7,2083,1
7,2072,1
7,2071,1
7,2041,1
7,2038,1
7,2019,1
7,2018,1
7,2128,1
7,3935,1
7,3919,1
7,3918,1
7,3912,1
7,3879,1
7,3875,1
7,3872,1
7,3843,1
7,3841,1
7,3835,1
7,3832,1
7,3831,1
7,3751,1
7,3685,1
7,3683,1
7,3677,1
7,3887,1
7,4419,1
7,4382,1
7,4328,1
7,4299,1
7,4289,1
7,4221,1
7,4218,1
7,4183,1
7,4162,1
7,4145,1
7,4135,1
7,4110,1
7,4079,1
7,4068,1
7,4055,1
7,4016,1
7,4013,1
7,3991,1
7,3977,1
7,3973,1
7,4112,1
7,3308,1
7,3294,1
7,3237,1
7,3168,1
7,3148,1
7,3139,1
7,3102,1
7,3084,1
7,3072,1
7,3071,1
7,3054,1
7,3042,1
7,3037,1
7,3010,1
7,3007,1
7,3000,1
7,2996,1
7,2982,1
7,2980,1
7,2978,1
7,2973,1
7,3049,1
7,3646,1
7,3641,1
7,3634,1
7,3624,1
7,3623,1
7,3615,1
7,3568,1
7,3566,1
7,3565,1
7,3537,1
7,3536,1
7,3532,1
7,3459,1
7,3326,1
7,3452,1
7,3450,1
7,3434,1
7,3432,1
7,3430,1
7,3421,1
7,3420,1
7,3381,1
7,3349,1
7,3335,1
6,6353,1
6,6340,1
6,6331,1
6,6328,1
6,6325,1
6,6298,1
6,6294,1
6,6279,1
6,6274,1
6,6273,1
6,6265,1
6,6262,1
6,6255,1
7,1487,1
6,6224,1
6,6141,1
6,6121,1
6,6119,1
6,6104,1
6,6103,1
6,6100,1
6,6079,1
6,6035,1
6,6017,1
6,6245,1
7,113,1
7,105,1
7,102,1
7,89,1
7,86,1
7,78,1
7,68,1
7,67,1
7,54,1
7,50,1
6,6356,1
7,42,1
6,6491,1
6,6486,1
6,6483,1
6,6480,1
6,6434,1
6,6418,1
6,6373,1
6,6367,1
7,49,1
6,5595,1
6,5532,1
6,5459,1
6,5447,1
6,5410,1
6,5397,1
6,5396,1
6,5382,1
6,5378,1
6,5370,1
6,5354,1
6,5351,1
6,5989,1
6,5339,1
6,5322,1
6,5314,1
6,5307,1
6,5305,1
6,5280,1
6,5188,1
6,5177,1
6,5155,1
6,5341,1
6,5974,1
6,5908,1
6,5891,1
6,5820,1
6,5788,1
6,5608,1
6,5771,1
6,5745,1
6,5727,1
6,5713,1
6,5708,1
6,5649,1
6,5647,1
6,5634,1
6,5633,1
6,5612,1
6,5773,1
7,1066,1
7,1065,1
7,1060,1
7,1055,1
7,1033,1
7,1017,1
7,1014,1
7,1013,1
7,1008,1
7,1001,1
7,997,1
7,968,1
7,955,1
7,872,1
7,863,1
7,809,1
7,808,1
7,773,1
7,761,1
7,755,1
7,750,1
7,971,1
7,1428,1
7,1404,1
7,1401,1
7,1374,1
7,1365,1
7,1358,1
7,1353,1
7,1351,1
7,1350,1
7,1345,1
7,1290,1
7,1267,1
7,1251,1
7,1235,1
7,1191,1
7,1177,1
7,1135,1
7,1123,1
7,1109,1
7,1107,1
7,1101,1
7,1087,1
7,1250,1
7,301,1
7,300,1
7,290,1
7,270,1
7,269,1
7,265,1
7,260,1
7,258,1
7,257,1
7,248,1
7,238,1
7,224,1
7,219,1
7,209,1
7,193,1
7,192,1
7,180,1
7,175,1
7,172,1
7,255,1
7,704,1
7,682,1
7,678,1
7,671,1
7,579,1
7,543,1
7,497,1
7,473,1
7,436,1
7,419,1
7,415,1
7,414,1
7,411,1
7,387,1
7,353,1
7,345,1
7,344,1
7,335,1
7,331,1
7,326,1
7,325,1
